payment_id,student_id,fee_type_id,amount_paid,date_paid
P_477c3d,143,FEE01,0,
P_cf702b,143,FEE02,400,2015-09-01
P_bbbf93,143,FEE03,100,2015-10-11
P_66a997,143,FEE04,50,2015-11-12
P_f2a9a4,143,FEE05,150,2016-05-04
P_19118d,298,FEE01,5000,2015-09-29
P_80ee6a,298,FEE02,400,2015-09-07
P_a3e263,298,FEE03,100,2015-10-09
P_841e80,298,FEE04,50,2015-11-23
P_ed4dd3,298,FEE05,150,2016-04-27
P_6464cd,276,FEE01,5000,2015-09-28
P_1ebf4c,276,FEE02,400,2015-09-06
P_4e1f2c,276,FEE03,100,2015-10-09
P_d29614,276,FEE04,0,
P_2a5602,276,FEE05,150,2016-04-28
P_27afb9,136,FEE01,5000,2015-09-24
P_681e1d,136,FEE02,400,2015-09-11
P_5a59a5,136,FEE03,100,2015-10-14
P_0051bf,136,FEE04,50,2015-11-16
P_0184fa,136,FEE05,150,2016-04-25
P_818f75,6,FEE01,5000,2015-09-28
P_e7f785,6,FEE02,400,2015-09-13
P_556ce1,6,FEE03,100,2015-10-13
P_23cfa6,6,FEE04,50,2015-11-17
P_9a7a60,6,FEE05,150,2016-05-05
P_743aba,267,FEE01,5000,2015-10-03
P_f68700,267,FEE02,400,2015-09-04
P_438cb1,267,FEE03,0,
P_5b3a18,267,FEE04,50,2015-11-22
P_447f73,267,FEE05,150,2016-04-21
P_e5454c,222,FEE01,5000,2015-09-27
P_6a7059,222,FEE02,0,
P_d1302f,222,FEE03,100,2015-10-13
P_15fcf9,222,FEE04,50,2015-11-25
P_0919ec,222,FEE05,150,2016-04-30
P_9062ec,296,FEE01,5000,2015-09-21
P_9fbc4e,296,FEE02,400,2015-09-08
P_ac4d71,296,FEE03,100,2015-10-16
P_9ab600,296,FEE04,50,2015-11-23
P_30bea3,296,FEE05,150,2016-04-26
P_71ea41,9,FEE01,5000,2015-10-02
P_bc7488,9,FEE02,400,2015-09-03
P_bf76f2,9,FEE03,100,2015-10-09
P_9e1253,9,FEE04,50,2015-11-14
P_b477c8,9,FEE05,150,2016-05-05
P_7c23d7,10,FEE01,5000,2015-09-30
P_1ec472,10,FEE02,400,2015-09-12
P_9bd085,10,FEE03,100,2015-10-15
P_20e0a6,10,FEE04,50,2015-11-11
P_b6186a,10,FEE05,150,2016-04-30
P_d32e97,458,FEE01,5000,2015-09-27
P_7b4415,458,FEE02,400,2015-09-11
P_bb3a0b,458,FEE03,100,2015-10-12
P_c7d77e,458,FEE04,0,
P_317d0f,458,FEE05,150,2016-05-03
P_411256,244,FEE01,5000,2015-09-26
P_3511be,244,FEE02,400,2015-09-02
P_349dd0,244,FEE03,100,2015-10-16
P_5cd86c,244,FEE04,0,
P_42171d,244,FEE05,150,2016-05-04
P_9dc12e,318,FEE01,5000,2015-09-22
P_2e223c,318,FEE02,400,2015-08-31
P_0c54e6,318,FEE03,100,2015-10-09
P_e0c7ec,318,FEE04,50,2015-11-17
P_680130,318,FEE05,150,2016-05-06
P_e3b19b,173,FEE01,5000,2015-09-24
P_0f93ea,173,FEE02,400,2015-09-10
P_c80724,173,FEE03,0,
P_1ba946,173,FEE04,50,2015-11-23
P_a6b175,173,FEE05,150,2016-04-23
P_56d422,241,FEE01,5000,2015-10-01
P_b66bf8,241,FEE02,400,2015-09-02
P_de3961,241,FEE03,100,2015-10-12
P_1fecd5,241,FEE04,50,2015-11-11
P_b11bcc,241,FEE05,150,2016-04-28
P_ca7f41,386,FEE01,5000,2015-09-24
P_03e3e5,386,FEE02,400,2015-09-01
P_01c1eb,386,FEE03,100,2015-10-19
P_d89a66,386,FEE04,50,2015-11-18
P_a5bfe5,386,FEE05,150,2016-04-21
P_b30fcf,29,FEE01,5000,2015-09-23
P_7fb9fc,29,FEE02,400,2015-09-08
P_459f60,29,FEE03,100,2015-10-10
P_8b06a8,29,FEE04,50,2015-11-17
P_2c83c3,29,FEE05,150,2016-04-22
P_c1ea8f,220,FEE01,5000,2015-09-28
P_353b4b,220,FEE02,400,2015-09-09
P_3c4757,220,FEE03,0,
P_841568,220,FEE04,50,2015-11-18
P_92a9f8,220,FEE05,150,2016-05-02
P_0c7fde,14,FEE01,0,
P_bf37e3,14,FEE02,400,2015-09-15
P_93a0c5,14,FEE03,100,2015-10-16
P_5c3f0d,14,FEE04,50,2015-11-15
P_25e3e8,14,FEE05,150,2016-04-24
P_7f0b61,73,FEE01,5000,2015-09-30
P_6813fa,73,FEE02,400,2015-09-04
P_b41523,73,FEE03,100,2015-10-20
P_628911,73,FEE04,50,2015-11-16
P_fd0052,73,FEE05,150,2016-04-26
P_055f94,427,FEE01,5000,2015-09-23
P_a1109a,427,FEE02,400,2015-09-06
P_412366,427,FEE03,0,
P_18f608,427,FEE04,50,2015-11-25
P_52e5ad,427,FEE05,150,2016-05-04
P_19d701,461,FEE01,5000,2015-09-29
P_acf6f7,461,FEE02,400,2015-09-12
P_8f44c5,461,FEE03,100,2015-10-12
P_4f33b6,461,FEE04,0,
P_d367da,461,FEE05,0,
P_65903b,58,FEE01,5000,2015-09-25
P_f89950,58,FEE02,400,2015-09-07
P_488577,58,FEE03,0,
P_bbe926,58,FEE04,50,2015-11-13
P_558d3f,58,FEE05,150,2016-05-05
P_3c22e5,457,FEE01,5000,2015-10-04
P_c2407d,457,FEE02,400,2015-09-13
P_e0ba7d,457,FEE03,100,2015-10-19
P_205cd9,457,FEE04,50,2015-11-25
P_266e23,457,FEE05,150,2016-04-28
P_57d473,281,FEE01,5000,2015-09-25
P_d13387,281,FEE02,400,2015-09-11
P_ae92ec,281,FEE03,100,2015-10-10
P_889f73,281,FEE04,50,2015-11-21
P_38eab0,281,FEE05,150,2016-04-30
P_c6b333,369,FEE01,5000,2015-09-25
P_af45f6,369,FEE02,0,
P_6d0dbf,369,FEE03,100,2015-10-16
P_8cbb32,369,FEE04,50,2015-11-12
P_e543b7,369,FEE05,150,2016-04-29
P_66d60c,34,FEE01,5000,2015-10-03
P_c2c0d5,34,FEE02,400,2015-09-02
P_570bcc,34,FEE03,100,2015-10-15
P_0f951c,34,FEE04,50,2015-11-13
P_838905,34,FEE05,150,2016-04-30
P_9cf990,431,FEE01,5000,2015-09-28
P_4ba367,431,FEE02,400,2015-09-09
P_551989,431,FEE03,100,2015-10-05
P_381987,431,FEE04,50,2015-11-22
P_5bca01,431,FEE05,150,2016-05-06
P_7727a6,19,FEE01,5000,2015-09-27
P_8f0c54,19,FEE02,400,2015-09-04
P_661631,19,FEE03,100,2015-10-08
P_032dd8,19,FEE04,50,2015-11-10
P_ad3397,19,FEE05,150,2016-04-21
P_543ae1,109,FEE01,5000,2015-09-29
P_c465b6,109,FEE02,400,2015-09-05
P_44439b,109,FEE03,100,2015-10-08
P_6899f0,109,FEE04,50,2015-11-15
P_af31bf,109,FEE05,150,2016-04-25
P_4a2b40,315,FEE01,5000,2015-09-23
P_4cd345,315,FEE02,400,2015-08-31
P_f85a68,315,FEE03,100,2015-10-15
P_4aace6,315,FEE04,50,2015-11-25
P_dd709f,315,FEE05,150,2016-05-05
P_e6954b,251,FEE01,5000,2015-09-21
P_c2a0a6,251,FEE02,400,2015-09-02
P_9c083a,251,FEE03,100,2015-10-15
P_00c803,251,FEE04,50,2015-11-14
P_d731c8,251,FEE05,150,2016-04-25
P_b72511,411,FEE01,5000,2015-09-25
P_930802,411,FEE02,400,2015-09-01
P_ce81d6,411,FEE03,100,2015-10-10
P_761942,411,FEE04,0,
P_24c340,411,FEE05,150,2016-05-03
P_9ebb62,60,FEE01,5000,2015-09-20
P_5d7b4e,60,FEE02,400,2015-08-31
P_7c5cfc,60,FEE03,0,
P_82df24,60,FEE04,50,2015-11-14
P_60b622,60,FEE05,150,2016-05-06
P_eb2f31,476,FEE01,5000,2015-09-28
P_5c48ae,476,FEE02,400,2015-09-15
P_06247a,476,FEE03,100,2015-10-10
P_c591e4,476,FEE04,50,2015-11-11
P_7a1534,476,FEE05,150,2016-04-25
P_c14337,277,FEE01,5000,2015-09-30
P_710cea,277,FEE02,400,2015-09-11
P_24aea4,277,FEE03,0,
P_abab08,277,FEE04,50,2015-11-12
P_4441c5,277,FEE05,150,2016-05-04
P_dde357,338,FEE01,0,
P_8b9065,338,FEE02,400,2015-09-04
P_822388,338,FEE03,100,2015-10-13
P_540218,338,FEE04,50,2015-11-14
P_28cb5f,338,FEE05,150,2016-05-04
P_d80355,90,FEE01,5000,2015-09-25
P_40e12a,90,FEE02,0,
P_c18dc3,90,FEE03,100,2015-10-09
P_25e432,90,FEE04,0,
P_4ba663,90,FEE05,150,2016-04-26
P_741109,304,FEE01,5000,2015-10-02
P_4e6b24,304,FEE02,400,2015-09-04
P_03e6c0,304,FEE03,100,2015-10-19
P_05fd50,304,FEE04,50,2015-11-17
P_b1a8f7,304,FEE05,150,2016-04-22
P_b2cfd5,301,FEE01,5000,2015-10-05
P_e3246c,301,FEE02,400,2015-09-01
P_9e2bea,301,FEE03,0,
P_95d71b,301,FEE04,50,2015-11-20
P_922ecb,301,FEE05,0,
P_36173a,370,FEE01,5000,2015-10-03
P_4450d6,370,FEE02,400,2015-09-15
P_6dfd50,370,FEE03,100,2015-10-11
P_738688,370,FEE04,50,2015-11-13
P_5dcdd3,370,FEE05,150,2016-05-06
P_607bce,111,FEE01,0,
P_f6d28f,111,FEE02,400,2015-09-15
P_da01f5,111,FEE03,100,2015-10-19
P_aff8dc,111,FEE04,50,2015-11-24
P_0851af,111,FEE05,0,
P_8b0dd9,36,FEE01,5000,2015-10-05
P_64ca20,36,FEE02,400,2015-09-06
P_9d9af4,36,FEE03,100,2015-10-17
P_583b74,36,FEE04,50,2015-11-14
P_e46da2,36,FEE05,150,2016-04-21
P_7b16e4,52,FEE01,5000,2015-10-05
P_0e42b9,52,FEE02,400,2015-09-02
P_23fe7b,52,FEE03,100,2015-10-18
P_e212d8,52,FEE04,50,2015-11-17
P_9dd804,52,FEE05,150,2016-04-27
P_e18143,76,FEE01,5000,2015-10-03
P_56ddd6,76,FEE02,400,2015-09-07
P_4158f6,76,FEE03,100,2015-10-11
P_b91ffe,76,FEE04,0,
P_4996b0,76,FEE05,0,
P_4200b2,316,FEE01,5000,2015-09-30
P_f044ee,316,FEE02,400,2015-09-03
P_13ab6a,316,FEE03,100,2015-10-10
P_0c854a,316,FEE04,50,2015-11-11
P_5288ae,316,FEE05,150,2016-04-28
P_4d4484,46,FEE01,5000,2015-09-30
P_00ae3d,46,FEE02,400,2015-09-05
P_3f1af8,46,FEE03,100,2015-10-20
P_518f49,46,FEE04,50,2015-11-12
P_5f7a69,46,FEE05,150,2016-04-24
P_fa6a08,25,FEE01,5000,2015-09-22
P_82b821,25,FEE02,400,2015-09-09
P_4e0372,25,FEE03,100,2015-10-12
P_282abd,25,FEE04,50,2015-11-16
P_c7105f,25,FEE05,150,2016-05-01
P_6d7870,462,FEE01,5000,2015-10-03
P_f16ab3,462,FEE02,400,2015-09-08
P_4ebed1,462,FEE03,0,
P_2ad1be,462,FEE04,50,2015-11-12
P_c2a685,462,FEE05,150,2016-04-28
P_c6fefc,130,FEE01,5000,2015-10-02
P_8df124,130,FEE02,400,2015-09-01
P_9d4f40,130,FEE03,100,2015-10-10
P_b08bc3,130,FEE04,50,2015-11-15
P_276db1,130,FEE05,150,2016-04-26
P_15db9c,448,FEE01,5000,2015-10-04
P_e425b0,448,FEE02,400,2015-09-02
P_b214ee,448,FEE03,100,2015-10-19
P_227f15,448,FEE04,50,2015-11-13
P_6bda2a,448,FEE05,150,2016-04-28
P_c4fc1d,360,FEE01,5000,2015-09-29
P_650838,360,FEE02,400,2015-09-14
P_7a9afc,360,FEE03,100,2015-10-14
P_37f819,360,FEE04,50,2015-11-13
P_7dffbb,360,FEE05,150,2016-04-21
P_8ba6ce,433,FEE01,5000,2015-09-29
P_f1f406,433,FEE02,400,2015-09-14
P_2c628e,433,FEE03,100,2015-10-07
P_007698,433,FEE04,50,2015-11-15
P_d30113,433,FEE05,150,2016-04-27
P_0d72cf,312,FEE01,5000,2015-10-05
P_b1eee9,312,FEE02,0,
P_f035c9,312,FEE03,100,2015-10-16
P_3c6fdf,312,FEE04,50,2015-11-15
P_684c80,312,FEE05,150,2016-05-01
P_ca101a,80,FEE01,0,
P_18687e,80,FEE02,400,2015-09-04
P_0d9e9b,80,FEE03,100,2015-10-09
P_7f3052,80,FEE04,50,2015-11-17
P_d55ea3,80,FEE05,0,
P_bee986,290,FEE01,5000,2015-09-22
P_69e1be,290,FEE02,400,2015-09-04
P_19db5c,290,FEE03,0,
P_8862c7,290,FEE04,50,2015-11-11
P_fe3c20,290,FEE05,0,
P_67f6bd,330,FEE01,5000,2015-10-04
P_2191e9,330,FEE02,400,2015-09-04
P_aa7eb7,330,FEE03,100,2015-10-11
P_371cab,330,FEE04,50,2015-11-20
P_6e23a6,330,FEE05,150,2016-04-21
P_b8982e,348,FEE01,5000,2015-09-25
P_a8d460,348,FEE02,400,2015-09-07
P_d0bd67,348,FEE03,100,2015-10-13
P_1c2013,348,FEE04,50,2015-11-24
P_9bb7b1,348,FEE05,150,2016-04-22
P_54899c,262,FEE01,5000,2015-09-30
P_343ffb,262,FEE02,400,2015-09-09
P_b98334,262,FEE03,100,2015-10-11
P_e02cc5,262,FEE04,50,2015-11-23
P_938170,262,FEE05,0,
P_525a5c,32,FEE01,5000,2015-10-03
P_4b5215,32,FEE02,0,
P_4b51da,32,FEE03,100,2015-10-15
P_34a93c,32,FEE04,50,2015-11-25
P_e59b35,32,FEE05,150,2016-05-03
P_dba8f4,181,FEE01,5000,2015-09-23
P_aaf696,181,FEE02,400,2015-09-06
P_54a5f0,181,FEE03,100,2015-10-05
P_10f402,181,FEE04,50,2015-11-17
P_9bb246,181,FEE05,0,
P_69d6fe,168,FEE01,5000,2015-09-24
P_4c9fc1,168,FEE02,400,2015-09-09
P_a07477,168,FEE03,100,2015-10-17
P_a4bea6,168,FEE04,50,2015-11-13
P_9f0bb9,168,FEE05,150,2016-05-02
P_e3b537,357,FEE01,5000,2015-09-20
P_4f19ab,357,FEE02,400,2015-09-09
P_8fdfca,357,FEE03,100,2015-10-07
P_d21a1e,357,FEE04,50,2015-11-19
P_e9a354,357,FEE05,150,2016-04-22
P_577770,180,FEE01,0,
P_b73f06,180,FEE02,400,2015-09-08
P_a861dd,180,FEE03,100,2015-10-12
P_bcf87f,180,FEE04,50,2015-11-23
P_393587,180,FEE05,0,
P_611a1e,442,FEE01,5000,2015-10-03
P_8826df,442,FEE02,400,2015-09-06
P_c6bca8,442,FEE03,100,2015-10-19
P_136130,442,FEE04,50,2015-11-18
P_067153,442,FEE05,150,2016-04-30
P_35a954,96,FEE01,5000,2015-09-30
P_c5642c,96,FEE02,400,2015-09-08
P_76f351,96,FEE03,100,2015-10-14
P_125b31,96,FEE04,50,2015-11-16
P_db416d,96,FEE05,150,2016-05-05
P_c9ff4b,332,FEE01,5000,2015-09-30
P_985202,332,FEE02,0,
P_2cfa31,332,FEE03,100,2015-10-05
P_34cf85,332,FEE04,50,2015-11-18
P_2b8ca4,332,FEE05,150,2016-05-05
P_f3a63d,117,FEE01,5000,2015-10-01
P_3a23f6,117,FEE02,400,2015-09-11
P_c8ae19,117,FEE03,100,2015-10-05
P_4c9bc7,117,FEE04,50,2015-11-14
P_942a74,117,FEE05,150,2016-04-26
P_57c59c,491,FEE01,5000,2015-10-02
P_a69801,491,FEE02,400,2015-09-14
P_78ff5d,491,FEE03,100,2015-10-08
P_1f23b5,491,FEE04,50,2015-11-14
P_ea6c40,491,FEE05,150,2016-04-22
P_0be013,123,FEE01,5000,2015-09-28
P_8104f7,123,FEE02,400,2015-09-08
P_92e4f7,123,FEE03,100,2015-10-12
P_df071b,123,FEE04,50,2015-11-11
P_e5b332,123,FEE05,150,2016-04-25
P_e4d3ac,306,FEE01,5000,2015-09-30
P_207f9c,306,FEE02,400,2015-09-15
P_d1d25a,306,FEE03,100,2015-10-09
P_8cce7f,306,FEE04,50,2015-11-14
P_ba317a,306,FEE05,150,2016-04-28
P_96bca0,197,FEE01,5000,2015-09-27
P_81b903,197,FEE02,400,2015-09-14
P_a50dca,197,FEE03,100,2015-10-15
P_96db8f,197,FEE04,50,2015-11-17
P_52193d,197,FEE05,0,
P_f7d693,75,FEE01,5000,2015-09-20
P_3aa14a,75,FEE02,400,2015-09-09
P_6ebe19,75,FEE03,100,2015-10-09
P_92e52d,75,FEE04,50,2015-11-18
P_af7346,75,FEE05,150,2016-04-28
P_fc2222,35,FEE01,5000,2015-09-30
P_918098,35,FEE02,400,2015-09-15
P_7e1499,35,FEE03,100,2015-10-11
P_b97eef,35,FEE04,50,2015-11-12
P_be1e7c,35,FEE05,0,
P_5c852d,268,FEE01,5000,2015-09-21
P_31e252,268,FEE02,0,
P_4a7229,268,FEE03,0,
P_ec1dc9,268,FEE04,0,
P_6c4a82,268,FEE05,150,2016-04-22
P_4a1b35,192,FEE01,5000,2015-09-30
P_294964,192,FEE02,400,2015-08-31
P_802063,192,FEE03,100,2015-10-20
P_a1be24,192,FEE04,50,2015-11-23
P_431a6c,192,FEE05,150,2016-04-26
P_bf5945,182,FEE01,5000,2015-10-02
P_bfd58c,182,FEE02,400,2015-09-07
P_63d11e,182,FEE03,0,
P_5bc8a3,182,FEE04,50,2015-11-22
P_4b6652,182,FEE05,150,2016-04-24
P_a8095e,95,FEE01,5000,2015-09-27
P_9d0791,95,FEE02,400,2015-09-06
P_743a5f,95,FEE03,100,2015-10-10
P_1191a2,95,FEE04,50,2015-11-13
P_934446,95,FEE05,150,2016-05-04
P_9e5a13,498,FEE01,5000,2015-10-02
P_5d1bdb,498,FEE02,400,2015-09-07
P_bcf02c,498,FEE03,100,2015-10-06
P_a05bae,498,FEE04,50,2015-11-19
P_83527d,498,FEE05,150,2016-04-24
P_918830,346,FEE01,5000,2015-09-22
P_7e2823,346,FEE02,400,2015-09-13
P_d633eb,346,FEE03,100,2015-10-05
P_2f7ad1,346,FEE04,50,2015-11-16
P_bc6242,346,FEE05,150,2016-05-03
P_d9fdbc,379,FEE01,5000,2015-09-29
P_09adde,379,FEE02,400,2015-09-15
P_594cb2,379,FEE03,100,2015-10-14
P_ff4333,379,FEE04,50,2015-11-22
P_2d588d,379,FEE05,0,
P_f91861,359,FEE01,5000,2015-09-24
P_733aee,359,FEE02,400,2015-09-14
P_de61ba,359,FEE03,100,2015-10-10
P_c948d9,359,FEE04,50,2015-11-17
P_7b785b,359,FEE05,150,2016-05-05
P_e69a22,207,FEE01,5000,2015-09-22
P_5d3920,207,FEE02,400,2015-09-07
P_caee64,207,FEE03,100,2015-10-05
P_8a0b0d,207,FEE04,50,2015-11-17
P_54a1c6,207,FEE05,150,2016-04-26
P_140da8,378,FEE01,5000,2015-09-26
P_006081,378,FEE02,400,2015-09-01
P_2a2bf7,378,FEE03,0,
P_c68861,378,FEE04,50,2015-11-13
P_ee1b55,378,FEE05,150,2016-04-26
P_31e1d1,125,FEE01,5000,2015-09-21
P_0e14ca,125,FEE02,400,2015-09-04
P_72fadc,125,FEE03,0,
P_33cc7e,125,FEE04,50,2015-11-14
P_2cebe0,125,FEE05,150,2016-04-30
P_5c1d16,16,FEE01,5000,2015-09-20
P_08a1ca,16,FEE02,400,2015-09-11
P_5a2f9e,16,FEE03,100,2015-10-07
P_4b2e09,16,FEE04,50,2015-11-14
P_909bf8,16,FEE05,150,2016-04-26
P_4abb0f,50,FEE01,0,
P_c3eda6,50,FEE02,400,2015-09-07
P_d507f0,50,FEE03,100,2015-10-13
P_a354db,50,FEE04,50,2015-11-23
P_d3de22,50,FEE05,150,2016-05-04
P_17ab8a,482,FEE01,5000,2015-09-27
P_fd0c4e,482,FEE02,400,2015-09-09
P_607202,482,FEE03,100,2015-10-15
P_33ba90,482,FEE04,50,2015-11-20
P_0bec2d,482,FEE05,150,2016-04-22
P_a7d100,366,FEE01,5000,2015-09-27
P_0c99dc,366,FEE02,400,2015-09-03
P_50210f,366,FEE03,100,2015-10-16
P_33943b,366,FEE04,50,2015-11-13
P_43c87b,366,FEE05,150,2016-05-01
P_16d093,432,FEE01,5000,2015-09-22
P_4cece7,432,FEE02,400,2015-09-06
P_0d18be,432,FEE03,100,2015-10-13
P_ea2f3f,432,FEE04,50,2015-11-10
P_fffe11,432,FEE05,150,2016-04-27
P_08aa97,325,FEE01,5000,2015-10-05
P_4c4bf2,325,FEE02,400,2015-09-10
P_f166b7,325,FEE03,100,2015-10-13
P_77fdb5,325,FEE04,50,2015-11-12
P_a0dd36,325,FEE05,150,2016-04-29
P_449664,33,FEE01,5000,2015-09-30
P_054465,33,FEE02,400,2015-09-07
P_e419a2,33,FEE03,100,2015-10-16
P_65ee19,33,FEE04,50,2015-11-25
P_92f369,33,FEE05,150,2016-05-01
P_cee282,152,FEE01,5000,2015-09-20
P_c428fc,152,FEE02,400,2015-08-31
P_1c89e9,152,FEE03,100,2015-10-05
P_6f35b0,152,FEE04,50,2015-11-10
P_18c4a4,152,FEE05,150,2016-05-06
P_20fb20,345,FEE01,5000,2015-10-01
P_437499,345,FEE02,400,2015-09-13
P_919d99,345,FEE03,100,2015-10-08
P_99fe23,345,FEE04,50,2015-11-14
P_163711,345,FEE05,0,
P_041eaa,259,FEE01,5000,2015-10-04
P_524902,259,FEE02,400,2015-09-07
P_4eb0c1,259,FEE03,100,2015-10-08
P_117bcc,259,FEE04,50,2015-11-21
P_4b2ff3,259,FEE05,0,
P_7310dd,459,FEE01,5000,2015-10-03
P_75d128,459,FEE02,400,2015-09-07
P_c75ae2,459,FEE03,100,2015-10-15
P_7fe79f,459,FEE04,50,2015-11-25
P_80dc67,459,FEE05,150,2016-05-02
P_b09704,395,FEE01,0,
P_a6b001,395,FEE02,400,2015-09-13
P_4da030,395,FEE03,100,2015-10-19
P_8524e4,395,FEE04,50,2015-11-17
P_6d9ba9,395,FEE05,150,2016-04-23
P_96913b,137,FEE01,5000,2015-09-20
P_6d8ff1,137,FEE02,400,2015-09-14
P_ccf29d,137,FEE03,0,
P_95ceea,137,FEE04,50,2015-11-22
P_ba5068,137,FEE05,150,2016-05-04
P_4d55b7,112,FEE01,0,
P_099675,112,FEE02,400,2015-09-05
P_c65ec5,112,FEE03,100,2015-10-20
P_ec4547,112,FEE04,50,2015-11-11
P_73a3e4,112,FEE05,150,2016-04-21
P_cf48dd,8,FEE01,5000,2015-10-04
P_a1935a,8,FEE02,0,
P_513897,8,FEE03,100,2015-10-09
P_ac260d,8,FEE04,50,2015-11-22
P_eea389,8,FEE05,150,2016-05-01
P_5e765f,61,FEE01,5000,2015-09-23
P_b06e6c,61,FEE02,400,2015-09-14
P_35497c,61,FEE03,0,
P_81a5f2,61,FEE04,50,2015-11-23
P_701293,61,FEE05,150,2016-04-29
P_46ca81,258,FEE01,5000,2015-09-23
P_9f6ac7,258,FEE02,400,2015-09-11
P_23b119,258,FEE03,100,2015-10-14
P_a00db8,258,FEE04,50,2015-11-18
P_0cd5a7,258,FEE05,150,2016-04-29
P_72cb60,196,FEE01,5000,2015-09-22
P_2032b7,196,FEE02,400,2015-09-06
P_e9b982,196,FEE03,100,2015-10-09
P_b9b74c,196,FEE04,50,2015-11-14
P_6ea1d5,196,FEE05,150,2016-05-06
P_24b150,428,FEE01,5000,2015-10-01
P_296e7e,428,FEE02,400,2015-09-02
P_fdc6f2,428,FEE03,100,2015-10-08
P_90204f,428,FEE04,0,
P_219b94,428,FEE05,150,2016-04-25
P_06e2af,297,FEE01,5000,2015-10-02
P_98d4ee,297,FEE02,400,2015-09-10
P_fd96cc,297,FEE03,100,2015-10-16
P_9976f9,297,FEE04,50,2015-11-12
P_86a876,297,FEE05,0,
P_cfb898,310,FEE01,5000,2015-10-02
P_0c3c0a,310,FEE02,400,2015-09-11
P_a12b24,310,FEE03,100,2015-10-16
P_30a260,310,FEE04,50,2015-11-14
P_8c7f4f,310,FEE05,150,2016-04-27
P_bcdbe6,333,FEE01,5000,2015-09-25
P_2f286f,333,FEE02,400,2015-09-15
P_7e943a,333,FEE03,100,2015-10-12
P_a5ab0e,333,FEE04,50,2015-11-15
P_243b7d,333,FEE05,150,2016-05-01
P_d0e9c8,115,FEE01,5000,2015-09-21
P_4a048d,115,FEE02,0,
P_f4715f,115,FEE03,100,2015-10-14
P_368ba3,115,FEE04,50,2015-11-17
P_a79584,115,FEE05,150,2016-04-26
P_e85056,429,FEE01,5000,2015-10-03
P_444970,429,FEE02,400,2015-09-07
P_dde225,429,FEE03,100,2015-10-16
P_624494,429,FEE04,50,2015-11-21
P_0dafa9,429,FEE05,150,2016-05-02
P_f517c7,300,FEE01,5000,2015-09-27
P_24eec1,300,FEE02,400,2015-09-13
P_dd1788,300,FEE03,0,
P_f9454b,300,FEE04,50,2015-11-24
P_7b1155,300,FEE05,150,2016-04-29
P_dc8821,214,FEE01,5000,2015-09-29
P_53642b,214,FEE02,400,2015-09-01
P_e6b95e,214,FEE03,100,2015-10-13
P_eea644,214,FEE04,50,2015-11-23
P_901ffd,214,FEE05,150,2016-05-04
P_176206,229,FEE01,5000,2015-10-02
P_b73f64,229,FEE02,400,2015-09-02
P_112076,229,FEE03,100,2015-10-06
P_c1d06b,229,FEE04,0,
P_0ec6af,229,FEE05,150,2016-04-29
P_13b7eb,252,FEE01,5000,2015-09-20
P_85b313,252,FEE02,400,2015-09-05
P_511cf2,252,FEE03,100,2015-10-06
P_29684b,252,FEE04,50,2015-11-25
P_89d92f,252,FEE05,150,2016-05-04
P_e67663,49,FEE01,5000,2015-10-04
P_4a4577,49,FEE02,400,2015-09-01
P_002a34,49,FEE03,100,2015-10-10
P_bb4d4b,49,FEE04,50,2015-11-18
P_4c0615,49,FEE05,150,2016-04-21
P_e93f6e,413,FEE01,5000,2015-09-25
P_a3467c,413,FEE02,400,2015-09-11
P_d82149,413,FEE03,100,2015-10-14
P_7c1d50,413,FEE04,50,2015-11-14
P_6b9733,413,FEE05,150,2016-04-22
P_3a3f4f,57,FEE01,5000,2015-10-03
P_804299,57,FEE02,400,2015-09-06
P_bca29c,57,FEE03,100,2015-10-13
P_9e5c5d,57,FEE04,50,2015-11-21
P_fa0f6a,57,FEE05,150,2016-04-28
P_117610,398,FEE01,5000,2015-09-20
P_72d16a,398,FEE02,400,2015-09-14
P_0e02f2,398,FEE03,100,2015-10-05
P_2df991,398,FEE04,50,2015-11-14
P_677fdd,398,FEE05,150,2016-05-02
P_c3bb6b,302,FEE01,5000,2015-10-01
P_0f0d7c,302,FEE02,400,2015-09-11
P_0a3dab,302,FEE03,100,2015-10-14
P_8a1b3d,302,FEE04,0,
P_785367,302,FEE05,150,2016-04-28
P_c709a8,142,FEE01,5000,2015-09-29
P_c90e4b,142,FEE02,400,2015-09-02
P_49f86d,142,FEE03,100,2015-10-11
P_9bd3a3,142,FEE04,0,
P_2c2e06,142,FEE05,150,2016-04-28
P_60b16f,256,FEE01,5000,2015-10-01
P_a324c4,256,FEE02,400,2015-09-06
P_eba97c,256,FEE03,100,2015-10-17
P_30e708,256,FEE04,50,2015-11-22
P_86b7f9,256,FEE05,150,2016-04-22
P_83a28e,307,FEE01,5000,2015-10-03
P_024f82,307,FEE02,0,
P_3bf35d,307,FEE03,100,2015-10-18
P_e58b24,307,FEE04,50,2015-11-12
P_7652ed,307,FEE05,150,2016-04-30
P_b82446,234,FEE01,5000,2015-09-22
P_377add,234,FEE02,400,2015-09-02
P_9e1262,234,FEE03,100,2015-10-15
P_9cf99e,234,FEE04,50,2015-11-20
P_1f8f9c,234,FEE05,0,
P_bf9c7c,406,FEE01,5000,2015-09-29
P_efdfee,406,FEE02,400,2015-09-03
P_9b0ab6,406,FEE03,100,2015-10-08
P_b9ba3b,406,FEE04,0,
P_a253ec,406,FEE05,150,2016-04-25
P_312cba,44,FEE01,5000,2015-09-20
P_fdd8d5,44,FEE02,400,2015-09-10
P_6f003d,44,FEE03,100,2015-10-15
P_fb1bad,44,FEE04,50,2015-11-10
P_31205f,44,FEE05,150,2016-05-05
P_594859,250,FEE01,5000,2015-10-04
P_286e69,250,FEE02,0,
P_2a3290,250,FEE03,100,2015-10-15
P_834bbc,250,FEE04,50,2015-11-16
P_d27f23,250,FEE05,150,2016-04-25
P_114aad,447,FEE01,5000,2015-09-21
P_a12797,447,FEE02,400,2015-09-13
P_978c16,447,FEE03,100,2015-10-06
P_9d94b0,447,FEE04,50,2015-11-22
P_ff7ea6,447,FEE05,0,
P_b78156,255,FEE01,5000,2015-10-05
P_78bc55,255,FEE02,400,2015-09-02
P_81e0b0,255,FEE03,100,2015-10-13
P_705f8e,255,FEE04,0,
P_b753c2,255,FEE05,150,2016-04-25
P_6f411d,372,FEE01,5000,2015-10-01
P_462b44,372,FEE02,400,2015-09-01
P_eb0b88,372,FEE03,100,2015-10-08
P_b722c9,372,FEE04,50,2015-11-17
P_288225,372,FEE05,150,2016-05-05
P_feac75,329,FEE01,5000,2015-10-04
P_c879e7,329,FEE02,400,2015-09-13
P_03847f,329,FEE03,100,2015-10-16
P_e47397,329,FEE04,50,2015-11-18
P_6c5ffd,329,FEE05,150,2016-05-06
P_1a297f,485,FEE01,5000,2015-09-24
P_d6e69c,485,FEE02,400,2015-09-09
P_13e712,485,FEE03,100,2015-10-12
P_92661c,485,FEE04,50,2015-11-25
P_399a8e,485,FEE05,150,2016-04-27
P_4bb149,114,FEE01,5000,2015-09-23
P_da5736,114,FEE02,400,2015-09-06
P_21d8ff,114,FEE03,100,2015-10-13
P_5286dd,114,FEE04,50,2015-11-12
P_16ffb6,114,FEE05,150,2016-05-03
P_7d3b94,126,FEE01,5000,2015-09-27
P_97b26b,126,FEE02,400,2015-09-03
P_176f64,126,FEE03,100,2015-10-13
P_c76a15,126,FEE04,50,2015-11-16
P_0f7f5d,126,FEE05,150,2016-04-25
P_724998,178,FEE01,5000,2015-09-26
P_b6c672,178,FEE02,400,2015-09-05
P_e1f48f,178,FEE03,100,2015-10-10
P_00cf7a,178,FEE04,50,2015-11-13
P_1799d1,178,FEE05,150,2016-04-24
P_50b6a1,384,FEE01,5000,2015-10-04
P_0548f9,384,FEE02,400,2015-09-13
P_dba7ae,384,FEE03,100,2015-10-16
P_7e5540,384,FEE04,50,2015-11-24
P_09e7f5,384,FEE05,150,2016-04-23
P_6683fc,164,FEE01,0,
P_245aea,164,FEE02,400,2015-09-05
P_c0c9cb,164,FEE03,100,2015-10-19
P_d552e5,164,FEE04,50,2015-11-13
P_544d04,164,FEE05,150,2016-04-23
P_d10690,106,FEE01,5000,2015-09-23
P_1d0e71,106,FEE02,400,2015-09-07
P_193403,106,FEE03,100,2015-10-11
P_74c122,106,FEE04,50,2015-11-18
P_3820a4,106,FEE05,0,
P_145417,177,FEE01,5000,2015-09-26
P_e7dfd6,177,FEE02,400,2015-09-07
P_79254d,177,FEE03,100,2015-10-16
P_f49220,177,FEE04,50,2015-11-16
P_909e47,177,FEE05,150,2016-04-23
P_d9b355,62,FEE01,5000,2015-09-20
P_b7f40a,62,FEE02,400,2015-09-15
P_7ec9f3,62,FEE03,100,2015-10-14
P_9032f1,62,FEE04,50,2015-11-21
P_4596f9,62,FEE05,150,2016-04-22
P_60ca41,216,FEE01,5000,2015-10-05
P_bd7cd7,216,FEE02,400,2015-09-05
P_57e50f,216,FEE03,100,2015-10-14
P_79018c,216,FEE04,50,2015-11-10
P_2231b0,216,FEE05,150,2016-04-23
P_6bfc5b,223,FEE01,5000,2015-09-27
P_9c0c52,223,FEE02,400,2015-09-10
P_8b9262,223,FEE03,100,2015-10-14
P_d048f8,223,FEE04,0,
P_7066e0,223,FEE05,150,2016-04-22
P_32e5c2,121,FEE01,5000,2015-09-23
P_fd965d,121,FEE02,400,2015-09-05
P_1eea2f,121,FEE03,100,2015-10-07
P_0c2016,121,FEE04,0,
P_c712ea,121,FEE05,150,2016-04-22
P_551309,390,FEE01,5000,2015-09-28
P_c1812a,390,FEE02,400,2015-09-03
P_4d783a,390,FEE03,100,2015-10-07
P_a72743,390,FEE04,50,2015-11-22
P_6b4754,390,FEE05,150,2016-05-03
P_9215eb,388,FEE01,5000,2015-09-25
P_ae1bb2,388,FEE02,400,2015-09-06
P_f7a116,388,FEE03,0,
P_d30a5e,388,FEE04,50,2015-11-20
P_2e6949,388,FEE05,150,2016-04-22
P_5a24cb,183,FEE01,5000,2015-09-30
P_df04cb,183,FEE02,400,2015-09-12
P_783d10,183,FEE03,100,2015-10-12
P_9a7a65,183,FEE04,50,2015-11-16
P_3a1265,183,FEE05,150,2016-04-22
P_6728b6,47,FEE01,5000,2015-09-20
P_8e32d9,47,FEE02,400,2015-09-06
P_7ae858,47,FEE03,100,2015-10-08
P_e4e0e4,47,FEE04,50,2015-11-14
P_ca8479,47,FEE05,150,2016-05-03
P_af595c,437,FEE01,5000,2015-10-01
P_eaf53c,437,FEE02,0,
P_2b909b,437,FEE03,100,2015-10-12
P_963ae1,437,FEE04,50,2015-11-24
P_b27db7,437,FEE05,150,2016-05-05
P_6522aa,257,FEE01,5000,2015-09-25
P_407280,257,FEE02,400,2015-09-08
P_637217,257,FEE03,100,2015-10-20
P_b1e03e,257,FEE04,0,
P_313b80,257,FEE05,150,2016-05-06
P_fa0da8,497,FEE01,5000,2015-09-23
P_0769e2,497,FEE02,400,2015-09-13
P_2d1281,497,FEE03,100,2015-10-16
P_e25658,497,FEE04,50,2015-11-13
P_480d0a,497,FEE05,150,2016-04-22
P_ea7068,247,FEE01,5000,2015-09-26
P_2d61c3,247,FEE02,400,2015-09-05
P_94f41a,247,FEE03,100,2015-10-09
P_689543,247,FEE04,50,2015-11-11
P_eec0a5,247,FEE05,150,2016-04-30
P_cbf81f,179,FEE01,5000,2015-09-24
P_141e2e,179,FEE02,400,2015-09-13
P_6a4008,179,FEE03,100,2015-10-10
P_c39702,179,FEE04,50,2015-11-21
P_ed13ca,179,FEE05,150,2016-04-23
P_6bbd8c,231,FEE01,5000,2015-09-28
P_ac5275,231,FEE02,400,2015-09-01
P_06f5f0,231,FEE03,0,
P_88d215,231,FEE04,50,2015-11-11
P_447692,231,FEE05,150,2016-04-26
P_4cf38b,248,FEE01,0,
P_2fa9ef,248,FEE02,400,2015-09-02
P_2e6824,248,FEE03,100,2015-10-07
P_2d0e60,248,FEE04,50,2015-11-19
P_955e73,248,FEE05,150,2016-04-21
P_87053b,449,FEE01,5000,2015-09-29
P_a7d1bf,449,FEE02,400,2015-09-14
P_9f739e,449,FEE03,100,2015-10-14
P_0312f6,449,FEE04,50,2015-11-16
P_4784ab,449,FEE05,150,2016-04-21
P_3ad049,56,FEE01,5000,2015-09-25
P_6d1eac,56,FEE02,400,2015-09-14
P_b3bc07,56,FEE03,100,2015-10-09
P_0eba32,56,FEE04,50,2015-11-20
P_f0aea8,56,FEE05,150,2016-04-29
P_3d4fda,473,FEE01,5000,2015-09-24
P_f018d2,473,FEE02,0,
P_a62a3e,473,FEE03,100,2015-10-17
P_32d69e,473,FEE04,50,2015-11-18
P_48c995,473,FEE05,150,2016-04-25
P_fb3e6c,127,FEE01,5000,2015-10-05
P_80eed1,127,FEE02,0,
P_dd5818,127,FEE03,100,2015-10-18
P_50ad35,127,FEE04,50,2015-11-19
P_c63224,127,FEE05,150,2016-04-27
P_a6d477,53,FEE01,5000,2015-09-26
P_044d15,53,FEE02,400,2015-09-02
P_0ec74c,53,FEE03,0,
P_1a5662,53,FEE04,50,2015-11-14
P_3e908d,53,FEE05,150,2016-05-05
P_0b1701,215,FEE01,5000,2015-09-29
P_cefa32,215,FEE02,400,2015-09-08
P_d10a7e,215,FEE03,100,2015-10-08
P_89e582,215,FEE04,50,2015-11-10
P_51d095,215,FEE05,150,2016-04-30
P_9cb284,70,FEE01,5000,2015-09-22
P_1f9838,70,FEE02,400,2015-08-31
P_c74570,70,FEE03,100,2015-10-15
P_45f9cc,70,FEE04,50,2015-11-12
P_533b7a,70,FEE05,150,2016-04-22
P_1e5817,66,FEE01,5000,2015-09-27
P_27766e,66,FEE02,400,2015-09-10
P_042d8d,66,FEE03,0,
P_6403b0,66,FEE04,50,2015-11-12
P_ee7a95,66,FEE05,150,2016-05-01
P_b9458b,472,FEE01,5000,2015-09-27
P_0ad237,472,FEE02,0,
P_af3e8f,472,FEE03,100,2015-10-11
P_6a450e,472,FEE04,50,2015-11-10
P_c96cc1,472,FEE05,150,2016-04-21
P_ae348a,494,FEE01,5000,2015-09-27
P_a40f07,494,FEE02,400,2015-09-08
P_83806f,494,FEE03,100,2015-10-12
P_59b8bd,494,FEE04,50,2015-11-25
P_3c8fb9,494,FEE05,150,2016-05-06
P_0b5c41,380,FEE01,5000,2015-09-23
P_3e9365,380,FEE02,400,2015-09-02
P_323312,380,FEE03,100,2015-10-14
P_5a9862,380,FEE04,50,2015-11-11
P_67ed9e,380,FEE05,150,2016-05-03
P_7c7c23,392,FEE01,5000,2015-09-23
P_d93025,392,FEE02,400,2015-09-11
P_f8c764,392,FEE03,100,2015-10-14
P_5e0baf,392,FEE04,50,2015-11-12
P_4a380a,392,FEE05,150,2016-04-27
P_4768da,486,FEE01,5000,2015-09-26
P_2d477d,486,FEE02,0,
P_4771d7,486,FEE03,100,2015-10-13
P_857ae4,486,FEE04,50,2015-11-15
P_4d3340,486,FEE05,150,2016-04-28
P_26dc02,209,FEE01,5000,2015-09-20
P_c98bba,209,FEE02,400,2015-09-11
P_085ccc,209,FEE03,100,2015-10-14
P_1fe676,209,FEE04,50,2015-11-21
P_f4b486,209,FEE05,150,2016-05-03
P_e7f1d5,425,FEE01,5000,2015-09-24
P_f20dfc,425,FEE02,400,2015-09-05
P_6955b2,425,FEE03,100,2015-10-08
P_74af3b,425,FEE04,50,2015-11-24
P_f4b00f,425,FEE05,150,2016-05-01
P_1dfec3,174,FEE01,5000,2015-09-28
P_d85be8,174,FEE02,400,2015-09-09
P_0d7efe,174,FEE03,100,2015-10-11
P_c8b8a8,174,FEE04,50,2015-11-20
P_d430c1,174,FEE05,150,2016-04-29
P_6124b7,160,FEE01,5000,2015-09-22
P_e7db99,160,FEE02,400,2015-09-07
P_d4e4ea,160,FEE03,100,2015-10-12
P_27bec4,160,FEE04,50,2015-11-25
P_a36065,160,FEE05,150,2016-04-24
P_0c2eed,328,FEE01,5000,2015-09-25
P_830d85,328,FEE02,400,2015-09-10
P_53c8b4,328,FEE03,0,
P_87a8ab,328,FEE04,50,2015-11-16
P_20a4ec,328,FEE05,150,2016-04-24
P_93c4f0,404,FEE01,5000,2015-09-21
P_7a2a93,404,FEE02,400,2015-09-13
P_c2f1f1,404,FEE03,100,2015-10-16
P_6eb597,404,FEE04,50,2015-11-11
P_eb3844,404,FEE05,0,
P_ff235e,175,FEE01,5000,2015-10-03
P_3c95b4,175,FEE02,400,2015-09-09
P_6b4d02,175,FEE03,100,2015-10-19
P_200292,175,FEE04,50,2015-11-10
P_278fca,175,FEE05,150,2016-04-23
P_dfb836,71,FEE01,5000,2015-09-21
P_229f39,71,FEE02,0,
P_7a1da8,71,FEE03,100,2015-10-19
P_20d078,71,FEE04,50,2015-11-18
P_aa11e8,71,FEE05,150,2016-05-06
P_c855fa,323,FEE01,5000,2015-10-05
P_794493,323,FEE02,400,2015-09-14
P_2ab9a5,323,FEE03,100,2015-10-12
P_e744c5,323,FEE04,50,2015-11-13
P_38789c,323,FEE05,0,
P_33d239,439,FEE01,5000,2015-10-03
P_884075,439,FEE02,400,2015-09-10
P_4eab32,439,FEE03,100,2015-10-11
P_47980f,439,FEE04,50,2015-11-12
P_9de83d,439,FEE05,150,2016-05-03
P_cdbc4a,176,FEE01,5000,2015-09-27
P_404fa3,176,FEE02,400,2015-09-09
P_184a96,176,FEE03,100,2015-10-05
P_bd7217,176,FEE04,0,
P_e292ba,176,FEE05,0,
P_bbd9e1,208,FEE01,5000,2015-10-04
P_4e8b45,208,FEE02,400,2015-08-31
P_b54c6f,208,FEE03,100,2015-10-05
P_f36651,208,FEE04,50,2015-11-10
P_daa8bc,208,FEE05,150,2016-04-22
P_e249f1,138,FEE01,5000,2015-10-05
P_d07306,138,FEE02,400,2015-09-07
P_1fcd4b,138,FEE03,100,2015-10-18
P_046f52,138,FEE04,50,2015-11-13
P_33d9be,138,FEE05,0,
P_a7c94c,397,FEE01,5000,2015-10-05
P_26fcb1,397,FEE02,400,2015-09-06
P_5e21d3,397,FEE03,0,
P_017e74,397,FEE04,50,2015-11-22
P_5a8166,397,FEE05,150,2016-04-24
P_0c8bc9,153,FEE01,5000,2015-09-24
P_f78b15,153,FEE02,400,2015-09-13
P_96f657,153,FEE03,0,
P_b98ba1,153,FEE04,0,
P_7b36d9,153,FEE05,150,2016-04-21
P_4791d4,394,FEE01,5000,2015-09-27
P_b7192c,394,FEE02,400,2015-09-05
P_215ead,394,FEE03,100,2015-10-05
P_4a9a4d,394,FEE04,50,2015-11-14
P_dd6086,394,FEE05,150,2016-05-04
P_4811e5,335,FEE01,5000,2015-09-20
P_602dff,335,FEE02,400,2015-09-05
P_583208,335,FEE03,100,2015-10-13
P_bbaf9e,335,FEE04,50,2015-11-20
P_d60443,335,FEE05,150,2016-05-05
P_42c287,334,FEE01,0,
P_7ec0f0,334,FEE02,0,
P_f6d5d8,334,FEE03,100,2015-10-16
P_132d3f,334,FEE04,50,2015-11-16
P_eee39b,334,FEE05,150,2016-04-22
P_b12621,228,FEE01,5000,2015-09-24
P_a16a42,228,FEE02,400,2015-09-12
P_8555e5,228,FEE03,100,2015-10-16
P_9867c2,228,FEE04,50,2015-11-10
P_a2d73b,228,FEE05,150,2016-04-23
P_084484,243,FEE01,5000,2015-10-02
P_a5bfe4,243,FEE02,400,2015-09-04
P_ec9769,243,FEE03,100,2015-10-05
P_230d3b,243,FEE04,50,2015-11-10
P_18cbb4,243,FEE05,150,2016-05-01
P_78ff64,400,FEE01,5000,2015-09-26
P_4a6383,400,FEE02,400,2015-09-02
P_a42d0e,400,FEE03,0,
P_73ba39,400,FEE04,50,2015-11-25
P_926244,400,FEE05,150,2016-04-30
P_3ec3d1,154,FEE01,0,
P_ba8a04,154,FEE02,400,2015-09-01
P_c1d2eb,154,FEE03,100,2015-10-20
P_9a177a,154,FEE04,50,2015-11-11
P_661424,154,FEE05,150,2016-04-29
P_7e043b,157,FEE01,5000,2015-09-21
P_348c61,157,FEE02,400,2015-09-12
P_561599,157,FEE03,100,2015-10-17
P_3f904c,157,FEE04,50,2015-11-25
P_d4335e,157,FEE05,150,2016-04-30
P_1654ae,365,FEE01,5000,2015-10-05
P_18125b,365,FEE02,400,2015-09-10
P_93ebf2,365,FEE03,100,2015-10-07
P_e505e6,365,FEE04,50,2015-11-12
P_8ad820,365,FEE05,0,
P_513527,242,FEE01,5000,2015-10-02
P_9e80d8,242,FEE02,400,2015-09-14
P_90b8e2,242,FEE03,100,2015-10-09
P_096ba5,242,FEE04,50,2015-11-23
P_b8e15a,242,FEE05,150,2016-05-04
P_d48dd9,37,FEE01,0,
P_95a7d0,37,FEE02,400,2015-09-12
P_4c7622,37,FEE03,0,
P_de7152,37,FEE04,0,
P_b22014,37,FEE05,150,2016-04-28
P_a33bae,94,FEE01,5000,2015-10-04
P_e05c79,94,FEE02,400,2015-09-06
P_8d916c,94,FEE03,100,2015-10-12
P_e11364,94,FEE04,50,2015-11-23
P_15fca2,94,FEE05,150,2016-05-03
P_bd20a2,450,FEE01,5000,2015-09-27
P_245810,450,FEE02,400,2015-09-02
P_079c64,450,FEE03,100,2015-10-13
P_149e7a,450,FEE04,50,2015-11-14
P_4a1e00,450,FEE05,150,2016-05-06
P_b60114,151,FEE01,5000,2015-09-22
P_8b5175,151,FEE02,400,2015-09-10
P_68a89f,151,FEE03,100,2015-10-07
P_b13f57,151,FEE04,50,2015-11-13
P_51f0d3,151,FEE05,150,2016-05-03
P_652b25,145,FEE01,5000,2015-09-28
P_e487e2,145,FEE02,400,2015-09-04
P_b5a6ff,145,FEE03,100,2015-10-06
P_029637,145,FEE04,0,
P_bf9cc2,145,FEE05,0,
P_15a9b5,471,FEE01,5000,2015-10-04
P_cb5aa5,471,FEE02,400,2015-09-02
P_70c6c6,471,FEE03,100,2015-10-16
P_25e4c8,471,FEE04,50,2015-11-21
P_7b6489,471,FEE05,150,2016-04-23
P_f93484,416,FEE01,0,
P_81a1f2,416,FEE02,400,2015-09-11
P_a2e9c7,416,FEE03,100,2015-10-19
P_25248b,416,FEE04,50,2015-11-11
P_19f6b5,416,FEE05,150,2016-05-05
P_c65d23,189,FEE01,5000,2015-10-04
P_8de3af,189,FEE02,400,2015-09-15
P_a126a4,189,FEE03,100,2015-10-11
P_c5b5db,189,FEE04,50,2015-11-18
P_8c0921,189,FEE05,150,2016-05-03
P_8b94b5,186,FEE01,5000,2015-09-25
P_222663,186,FEE02,400,2015-09-10
P_44b862,186,FEE03,100,2015-10-18
P_28b3a9,186,FEE04,50,2015-11-13
P_5d8a95,186,FEE05,150,2016-04-27
P_79dca4,226,FEE01,0,
P_fb50ff,226,FEE02,0,
P_38c031,226,FEE03,100,2015-10-18
P_aea57d,226,FEE04,50,2015-11-18
P_e8c0b8,226,FEE05,0,
P_8f489a,327,FEE01,5000,2015-10-02
P_6277e8,327,FEE02,400,2015-09-02
P_b13565,327,FEE03,100,2015-10-16
P_dbc5b7,327,FEE04,50,2015-11-24
P_af823f,327,FEE05,150,2016-04-25
P_1d5f5f,17,FEE01,5000,2015-09-26
P_35e968,17,FEE02,400,2015-09-04
P_2f6afe,17,FEE03,100,2015-10-17
P_af1f14,17,FEE04,50,2015-11-11
P_2f2146,17,FEE05,150,2016-04-26
P_718554,424,FEE01,5000,2015-09-26
P_0c231c,424,FEE02,400,2015-09-10
P_d8ea90,424,FEE03,100,2015-10-19
P_a1410c,424,FEE04,50,2015-11-24
P_483cd5,424,FEE05,150,2016-05-04
P_5ff3b1,456,FEE01,5000,2015-10-05
P_33dcbb,456,FEE02,0,
P_b3a991,456,FEE03,100,2015-10-13
P_12ab48,456,FEE04,50,2015-11-16
P_77c2a0,456,FEE05,150,2016-04-23
P_e0025a,343,FEE01,5000,2015-10-02
P_41e3c3,343,FEE02,400,2015-09-06
P_1d641e,343,FEE03,100,2015-10-11
P_4f7807,343,FEE04,50,2015-11-25
P_dcef43,343,FEE05,150,2016-04-26
P_ed00ca,401,FEE01,5000,2015-10-01
P_7a2be2,401,FEE02,0,
P_b0dd97,401,FEE03,100,2015-10-15
P_4825f5,401,FEE04,50,2015-11-19
P_bb89cb,401,FEE05,150,2016-04-27
P_3d37da,287,FEE01,5000,2015-09-30
P_df321f,287,FEE02,400,2015-09-09
P_ed95d3,287,FEE03,100,2015-10-13
P_669754,287,FEE04,0,
P_082f26,287,FEE05,150,2016-05-04
P_1921ed,158,FEE01,5000,2015-09-21
P_a0f977,158,FEE02,400,2015-09-12
P_9a15bb,158,FEE03,100,2015-10-08
P_3647f0,158,FEE04,50,2015-11-21
P_c5b9b7,158,FEE05,150,2016-04-28
P_431078,454,FEE01,5000,2015-10-04
P_dcd421,454,FEE02,400,2015-09-10
P_86eb06,454,FEE03,100,2015-10-07
P_252e0a,454,FEE04,50,2015-11-25
P_b1c56c,454,FEE05,150,2016-04-27
P_b116d8,308,FEE01,5000,2015-10-05
P_d48f9b,308,FEE02,400,2015-09-15
P_0c1d36,308,FEE03,100,2015-10-19
P_3786b3,308,FEE04,50,2015-11-23
P_ac3950,308,FEE05,150,2016-04-22
P_cbadcc,40,FEE01,5000,2015-09-27
P_2172f8,40,FEE02,400,2015-09-14
P_b10173,40,FEE03,100,2015-10-11
P_a3b00f,40,FEE04,0,
P_e519cc,40,FEE05,150,2016-04-26
P_294b6d,206,FEE01,5000,2015-10-04
P_bcb6b2,206,FEE02,400,2015-08-31
P_c2d81c,206,FEE03,100,2015-10-15
P_b4ce74,206,FEE04,50,2015-11-12
P_eea730,206,FEE05,150,2016-05-05
P_5a7804,230,FEE01,5000,2015-10-02
P_86e69b,230,FEE02,400,2015-09-08
P_5412eb,230,FEE03,100,2015-10-20
P_6e1e8d,230,FEE04,50,2015-11-24
P_dea04e,230,FEE05,0,
P_ab8996,403,FEE01,5000,2015-09-27
P_c779cf,403,FEE02,400,2015-09-14
P_c9359e,403,FEE03,100,2015-10-08
P_d285aa,403,FEE04,50,2015-11-15
P_ff323a,403,FEE05,150,2016-04-21
P_8a0d91,399,FEE01,5000,2015-10-04
P_72c624,399,FEE02,400,2015-09-02
P_e73311,399,FEE03,100,2015-10-13
P_8338a6,399,FEE04,50,2015-11-18
P_adf284,399,FEE05,150,2016-05-04
P_15e01f,344,FEE01,5000,2015-10-02
P_d365f2,344,FEE02,400,2015-09-08
P_eb06ff,344,FEE03,100,2015-10-14
P_573007,344,FEE04,50,2015-11-23
P_e02df5,344,FEE05,150,2016-05-06
P_a37e87,159,FEE01,5000,2015-09-27
P_32bed1,159,FEE02,400,2015-09-06
P_40115b,159,FEE03,0,
P_b3aeee,159,FEE04,50,2015-11-11
P_0dcead,159,FEE05,150,2016-04-30
P_d7c1a0,54,FEE01,5000,2015-09-27
P_a78ac4,54,FEE02,0,
P_8a6477,54,FEE03,100,2015-10-13
P_57173a,54,FEE04,50,2015-11-20
P_879299,54,FEE05,150,2016-05-06
P_2fe2a0,133,FEE01,5000,2015-10-01
P_226375,133,FEE02,400,2015-09-11
P_e571e7,133,FEE03,100,2015-10-05
P_e494cd,133,FEE04,50,2015-11-18
P_6d70b8,133,FEE05,150,2016-05-04
P_470157,105,FEE01,5000,2015-09-29
P_6eccd6,105,FEE02,400,2015-09-05
P_c7da05,105,FEE03,100,2015-10-20
P_4910a6,105,FEE04,50,2015-11-21
P_de0642,105,FEE05,150,2016-05-03
P_9e6755,217,FEE01,5000,2015-10-03
P_a062ad,217,FEE02,400,2015-09-15
P_a6f9a0,217,FEE03,0,
P_2da3e1,217,FEE04,50,2015-11-17
P_8a63da,217,FEE05,150,2016-04-27
P_8d2f1f,172,FEE01,5000,2015-09-22
P_3e1244,172,FEE02,400,2015-09-06
P_b8bd00,172,FEE03,100,2015-10-06
P_74de36,172,FEE04,50,2015-11-15
P_d21eda,172,FEE05,150,2016-04-21
P_4c5e4e,149,FEE01,0,
P_9dcea7,149,FEE02,400,2015-09-15
P_fd903b,149,FEE03,100,2015-10-05
P_83337d,149,FEE04,50,2015-11-15
P_b47b60,149,FEE05,150,2016-05-06
P_c6fcb4,270,FEE01,5000,2015-09-25
P_fb1911,270,FEE02,400,2015-09-10
P_f3c992,270,FEE03,100,2015-10-17
P_da6c6e,270,FEE04,50,2015-11-13
P_ae5dfb,270,FEE05,150,2016-05-03
P_3b4926,101,FEE01,5000,2015-09-28
P_b98bca,101,FEE02,400,2015-09-08
P_344f26,101,FEE03,0,
P_ab36b8,101,FEE04,50,2015-11-14
P_332675,101,FEE05,150,2016-05-03
P_41ad80,452,FEE01,5000,2015-10-04
P_e52df3,452,FEE02,400,2015-09-04
P_fd90d0,452,FEE03,100,2015-10-06
P_d31d39,452,FEE04,50,2015-11-23
P_c2c533,452,FEE05,150,2016-04-27
P_00a5f5,104,FEE01,5000,2015-09-23
P_abdc26,104,FEE02,400,2015-09-05
P_290780,104,FEE03,100,2015-10-07
P_817e30,104,FEE04,50,2015-11-25
P_22e56e,104,FEE05,0,
P_d58089,305,FEE01,5000,2015-09-30
P_8da8a8,305,FEE02,0,
P_0693f0,305,FEE03,100,2015-10-07
P_fe2e13,305,FEE04,50,2015-11-22
P_406714,305,FEE05,150,2016-04-23
P_b51122,466,FEE01,5000,2015-10-04
P_7b44f0,466,FEE02,400,2015-09-12
P_0dd72d,466,FEE03,100,2015-10-07
P_715043,466,FEE04,50,2015-11-22
P_c6679a,466,FEE05,150,2016-05-03
P_6faaa6,211,FEE01,5000,2015-09-21
P_bc3306,211,FEE02,400,2015-09-14
P_06d1af,211,FEE03,100,2015-10-08
P_dbd91d,211,FEE04,50,2015-11-16
P_00155a,211,FEE05,150,2016-04-24
P_507ae2,391,FEE01,5000,2015-09-24
P_41da65,391,FEE02,400,2015-09-01
P_a12cfe,391,FEE03,100,2015-10-13
P_4c2b89,391,FEE04,50,2015-11-24
P_dd221f,391,FEE05,0,
P_78fbbe,311,FEE01,5000,2015-09-22
P_8d5469,311,FEE02,400,2015-08-31
P_632599,311,FEE03,100,2015-10-17
P_4dd1e1,311,FEE04,50,2015-11-13
P_49a697,311,FEE05,150,2016-04-23
P_ff0759,162,FEE01,5000,2015-09-28
P_d7c63f,162,FEE02,400,2015-09-08
P_36a78e,162,FEE03,100,2015-10-20
P_a40c23,162,FEE04,50,2015-11-13
P_ad07b2,162,FEE05,150,2016-05-05
P_2d4481,368,FEE01,0,
P_342cb8,368,FEE02,400,2015-09-02
P_13cf4f,368,FEE03,100,2015-10-13
P_8b9840,368,FEE04,50,2015-11-20
P_f4c034,368,FEE05,150,2016-05-05
P_0b3220,263,FEE01,5000,2015-09-27
P_7d7fad,263,FEE02,400,2015-09-11
P_41da43,263,FEE03,100,2015-10-07
P_785638,263,FEE04,50,2015-11-18
P_0b5dcf,263,FEE05,150,2016-04-24
P_98e48e,89,FEE01,0,
P_18335a,89,FEE02,400,2015-09-12
P_fb42fb,89,FEE03,100,2015-10-17
P_54d7f2,89,FEE04,50,2015-11-23
P_ed3f2c,89,FEE05,150,2016-04-30
P_5a6be4,4,FEE01,5000,2015-09-28
P_ed2322,4,FEE02,400,2015-09-13
P_a3d67c,4,FEE03,100,2015-10-07
P_0b8fcf,4,FEE04,50,2015-11-22
P_b59312,4,FEE05,150,2016-04-21
P_85a25b,5,FEE01,5000,2015-10-04
P_217fc7,5,FEE02,400,2015-09-09
P_f952b9,5,FEE03,100,2015-10-13
P_6dd68e,5,FEE04,50,2015-11-15
P_4c71de,5,FEE05,150,2016-04-24
P_60e986,402,FEE01,5000,2015-09-20
P_35391c,402,FEE02,400,2015-09-14
P_002c05,402,FEE03,0,
P_63b362,402,FEE04,0,
P_f751b2,402,FEE05,150,2016-05-01
P_964b24,103,FEE01,5000,2015-09-20
P_ee855c,103,FEE02,400,2015-09-11
P_1fe830,103,FEE03,100,2015-10-19
P_fbc0a1,103,FEE04,0,
P_bf1f00,103,FEE05,150,2016-04-26
P_80597b,326,FEE01,5000,2015-09-23
P_b738ff,326,FEE02,400,2015-09-02
P_0a2f07,326,FEE03,100,2015-10-13
P_79f52e,326,FEE04,50,2015-11-10
P_9a5e65,326,FEE05,150,2016-04-29
P_127f9e,282,FEE01,5000,2015-09-22
P_172c4a,282,FEE02,400,2015-09-03
P_b13560,282,FEE03,100,2015-10-12
P_29aa6d,282,FEE04,50,2015-11-12
P_bebca2,282,FEE05,0,
P_6010cd,91,FEE01,5000,2015-09-22
P_ce2915,91,FEE02,0,
P_dd39e6,91,FEE03,100,2015-10-10
P_1835a4,91,FEE04,50,2015-11-11
P_5b2f90,91,FEE05,150,2016-05-02
P_36c460,233,FEE01,5000,2015-09-25
P_1d0423,233,FEE02,400,2015-09-08
P_a7a3ac,233,FEE03,100,2015-10-20
P_c30355,233,FEE04,50,2015-11-20
P_579725,233,FEE05,0,
P_535965,110,FEE01,5000,2015-10-03
P_59d3d9,110,FEE02,400,2015-09-04
P_1e7a84,110,FEE03,100,2015-10-05
P_1c6993,110,FEE04,50,2015-11-12
P_84f471,110,FEE05,0,
P_8aab66,288,FEE01,5000,2015-09-25
P_90c093,288,FEE02,400,2015-09-02
P_cfc84c,288,FEE03,100,2015-10-07
P_97a651,288,FEE04,50,2015-11-22
P_f8fdb4,288,FEE05,150,2016-04-27
P_2474b2,385,FEE01,5000,2015-09-27
P_85758a,385,FEE02,0,
P_2deb61,385,FEE03,100,2015-10-14
P_986f7a,385,FEE04,0,
P_eebf61,385,FEE05,150,2016-05-05
P_5b1c42,224,FEE01,5000,2015-10-05
P_77d572,224,FEE02,400,2015-09-01
P_2fb68f,224,FEE03,100,2015-10-06
P_2e8f73,224,FEE04,0,
P_ff961d,224,FEE05,150,2016-04-22
P_5a91e9,86,FEE01,5000,2015-10-03
P_9b3f5e,86,FEE02,0,
P_c03dca,86,FEE03,100,2015-10-14
P_52429f,86,FEE04,50,2015-11-15
P_e7536d,86,FEE05,150,2016-04-22
P_abf4ee,469,FEE01,5000,2015-09-28
P_33d826,469,FEE02,400,2015-09-04
P_ab0d60,469,FEE03,100,2015-10-11
P_cd9058,469,FEE04,50,2015-11-23
P_139234,469,FEE05,150,2016-05-05
P_f42154,292,FEE01,5000,2015-09-20
P_9a7894,292,FEE02,400,2015-09-06
P_d7348e,292,FEE03,0,
P_9307af,292,FEE04,50,2015-11-17
P_4b561d,292,FEE05,0,
P_ccb32b,27,FEE01,5000,2015-10-02
P_ef56a0,27,FEE02,0,
P_674633,27,FEE03,100,2015-10-15
P_e60797,27,FEE04,50,2015-11-19
P_c58009,27,FEE05,150,2016-04-28
P_403dbe,28,FEE01,5000,2015-09-21
P_1486d5,28,FEE02,400,2015-09-02
P_d47953,28,FEE03,100,2015-10-19
P_7f79c9,28,FEE04,50,2015-11-18
P_ce2e42,28,FEE05,150,2016-05-01
P_1d4b69,150,FEE01,5000,2015-10-05
P_5dc16c,150,FEE02,400,2015-09-08
P_5b04a2,150,FEE03,100,2015-10-13
P_e3c0ce,150,FEE04,50,2015-11-12
P_20c3a0,150,FEE05,0,
P_af7ac7,371,FEE01,0,
P_4714ed,371,FEE02,400,2015-09-05
P_b97b30,371,FEE03,100,2015-10-07
P_bb1719,371,FEE04,50,2015-11-10
P_3cf327,371,FEE05,150,2016-04-25
P_badc04,417,FEE01,5000,2015-09-20
P_c29adb,417,FEE02,400,2015-09-07
P_02fbc6,417,FEE03,100,2015-10-19
P_d1df5d,417,FEE04,50,2015-11-23
P_3eb818,417,FEE05,150,2016-05-02
P_2cf172,92,FEE01,0,
P_e90e31,92,FEE02,400,2015-09-05
P_f9efae,92,FEE03,0,
P_da6401,92,FEE04,50,2015-11-14
P_26c4c4,92,FEE05,150,2016-04-21
P_298fc8,405,FEE01,5000,2015-09-23
P_bab8a6,405,FEE02,400,2015-09-07
P_945b0d,405,FEE03,100,2015-10-07
P_33940b,405,FEE04,50,2015-11-23
P_47751e,405,FEE05,150,2016-04-28
P_da825c,210,FEE01,5000,2015-09-27
P_2c5b80,210,FEE02,400,2015-09-10
P_e683dc,210,FEE03,100,2015-10-19
P_b072f8,210,FEE04,50,2015-11-20
P_309bd9,210,FEE05,150,2016-04-26
P_103d18,291,FEE01,5000,2015-09-26
P_82516d,291,FEE02,400,2015-09-05
P_c56353,291,FEE03,100,2015-10-19
P_7c4799,291,FEE04,50,2015-11-13
P_f5ee32,291,FEE05,150,2016-04-29
P_cb7b78,455,FEE01,5000,2015-10-01
P_9c2a84,455,FEE02,0,
P_47e594,455,FEE03,100,2015-10-10
P_df8365,455,FEE04,50,2015-11-18
P_3bcdf6,455,FEE05,150,2016-04-21
P_3b9e40,190,FEE01,5000,2015-09-26
P_39d6fd,190,FEE02,400,2015-09-01
P_98d06d,190,FEE03,100,2015-10-15
P_b9f0b0,190,FEE04,50,2015-11-21
P_acbdce,190,FEE05,150,2016-05-02
P_f1cbc7,340,FEE01,5000,2015-10-03
P_eea1e0,340,FEE02,400,2015-09-07
P_b5ab56,340,FEE03,100,2015-10-19
P_069619,340,FEE04,50,2015-11-19
P_d00cf2,340,FEE05,150,2016-04-24
P_8cf655,55,FEE01,5000,2015-10-02
P_b4d957,55,FEE02,400,2015-09-09
P_056af6,55,FEE03,100,2015-10-11
P_ae6978,55,FEE04,50,2015-11-25
P_44e3f8,55,FEE05,150,2016-04-22
P_239597,426,FEE01,5000,2015-09-20
P_2a0be9,426,FEE02,400,2015-09-13
P_bcac52,426,FEE03,100,2015-10-06
P_ad3a59,426,FEE04,50,2015-11-24
P_1b2efd,426,FEE05,150,2016-04-21
P_fb6285,156,FEE01,0,
P_eaf947,156,FEE02,400,2015-09-12
P_c54911,156,FEE03,100,2015-10-17
P_76c76a,156,FEE04,50,2015-11-15
P_1a0b47,156,FEE05,150,2016-05-01
P_5c998f,88,FEE01,5000,2015-09-27
P_83e944,88,FEE02,400,2015-09-02
P_8db215,88,FEE03,100,2015-10-17
P_a01585,88,FEE04,50,2015-11-15
P_c7b84b,88,FEE05,150,2016-04-24
P_c36111,444,FEE01,5000,2015-09-25
P_dfbea0,444,FEE02,400,2015-09-03
P_4b9570,444,FEE03,0,
P_b76470,444,FEE04,50,2015-11-24
P_752a10,444,FEE05,150,2016-05-06
P_3e80c2,41,FEE01,5000,2015-10-02
P_b9154e,41,FEE02,400,2015-09-06
P_d9025b,41,FEE03,100,2015-10-08
P_a1786c,41,FEE04,50,2015-11-14
P_fa1cf2,41,FEE05,150,2016-04-27
P_b75c52,42,FEE01,5000,2015-09-30
P_9d4670,42,FEE02,400,2015-09-05
P_b886b3,42,FEE03,100,2015-10-09
P_f6ddba,42,FEE04,50,2015-11-12
P_de6ab8,42,FEE05,150,2016-04-27
P_860e91,43,FEE01,5000,2015-09-26
P_5b8942,43,FEE02,400,2015-09-04
P_787709,43,FEE03,100,2015-10-16
P_78fdbb,43,FEE04,50,2015-11-24
P_599d4b,43,FEE05,150,2016-04-27
P_673cf9,219,FEE01,5000,2015-10-04
P_9e071b,219,FEE02,400,2015-09-10
P_b6c3b5,219,FEE03,0,
P_29b570,219,FEE04,50,2015-11-17
P_178101,219,FEE05,150,2016-04-21
P_6aa741,342,FEE01,5000,2015-09-29
P_42e088,342,FEE02,0,
P_6c337f,342,FEE03,100,2015-10-20
P_3b15c9,342,FEE04,50,2015-11-17
P_7738b7,342,FEE05,0,
P_a89dd2,84,FEE01,5000,2015-09-27
P_9b2026,84,FEE02,400,2015-09-09
P_dce935,84,FEE03,100,2015-10-09
P_50be57,84,FEE04,50,2015-11-14
P_629946,84,FEE05,150,2016-05-02
P_0abf56,275,FEE01,5000,2015-09-21
P_697186,275,FEE02,400,2015-09-11
P_03c016,275,FEE03,100,2015-10-08
P_356d89,275,FEE04,50,2015-11-22
P_3155ff,275,FEE05,0,
P_ed42c2,283,FEE01,5000,2015-09-22
P_19587e,283,FEE02,400,2015-09-11
P_8243b3,283,FEE03,0,
P_308f95,283,FEE04,0,
P_b0ed28,283,FEE05,150,2016-04-23
P_212606,414,FEE01,5000,2015-10-02
P_67d4ac,414,FEE02,400,2015-09-06
P_d17bfa,414,FEE03,100,2015-10-17
P_6a27fd,414,FEE04,50,2015-11-23
P_1bd931,414,FEE05,150,2016-04-24
P_0cc75c,239,FEE01,0,
P_f95972,239,FEE02,400,2015-09-02
P_03c3ed,239,FEE03,0,
P_b52c4b,239,FEE04,50,2015-11-13
P_4426ca,239,FEE05,0,
P_72a81f,39,FEE01,5000,2015-10-01
P_d9a0e3,39,FEE02,400,2015-09-03
P_963a3d,39,FEE03,100,2015-10-18
P_5a3897,39,FEE04,50,2015-11-14
P_e0649e,39,FEE05,150,2016-04-26
P_4d40db,361,FEE01,0,
P_1fd4d1,361,FEE02,400,2015-09-09
P_ba72c9,361,FEE03,100,2015-10-06
P_d1013c,361,FEE04,50,2015-11-18
P_c9a5b5,361,FEE05,150,2016-04-28
P_26a23b,147,FEE01,5000,2015-10-02
P_31ae34,147,FEE02,400,2015-09-05
P_d1bf16,147,FEE03,0,
P_d6a78b,147,FEE04,50,2015-11-22
P_50e9b4,147,FEE05,150,2016-04-21
P_c85e87,295,FEE01,5000,2015-09-22
P_73440e,295,FEE02,400,2015-09-01
P_238d08,295,FEE03,100,2015-10-07
P_6bb28c,295,FEE04,50,2015-11-10
P_3b12d2,295,FEE05,150,2016-04-22
P_f40814,225,FEE01,5000,2015-09-25
P_74d497,225,FEE02,400,2015-09-10
P_17c502,225,FEE03,100,2015-10-17
P_b93078,225,FEE04,50,2015-11-16
P_13f734,225,FEE05,150,2016-04-24
P_99bc35,367,FEE01,5000,2015-10-02
P_55a9a5,367,FEE02,400,2015-08-31
P_91c5ab,367,FEE03,100,2015-10-18
P_67eb34,367,FEE04,50,2015-11-18
P_286893,367,FEE05,150,2016-05-01
P_f2a4b1,185,FEE01,5000,2015-10-05
P_87544a,185,FEE02,400,2015-09-08
P_6c3b50,185,FEE03,100,2015-10-20
P_df46c3,185,FEE04,50,2015-11-18
P_5fc778,185,FEE05,150,2016-04-26
P_5d6f6d,423,FEE01,0,
P_334f42,423,FEE02,400,2015-09-07
P_391b6f,423,FEE03,100,2015-10-17
P_6a6b24,423,FEE04,50,2015-11-20
P_46c3e4,423,FEE05,150,2016-04-27
P_b9d8a9,7,FEE01,5000,2015-09-24
P_e07974,7,FEE02,400,2015-09-06
P_891457,7,FEE03,100,2015-10-15
P_0a986d,7,FEE04,50,2015-11-10
P_854d95,7,FEE05,150,2016-04-27
P_faae39,260,FEE01,0,
P_db8487,260,FEE02,400,2015-09-02
P_64f8eb,260,FEE03,100,2015-10-06
P_53d058,260,FEE04,50,2015-11-24
P_051e6d,260,FEE05,150,2016-04-21
P_085865,299,FEE01,5000,2015-09-27
P_d91a00,299,FEE02,400,2015-09-11
P_93a7f0,299,FEE03,0,
P_d48a88,299,FEE04,50,2015-11-16
P_3841c8,299,FEE05,150,2016-04-21
P_517df3,321,FEE01,5000,2015-09-24
P_311062,321,FEE02,400,2015-09-03
P_99e13a,321,FEE03,100,2015-10-14
P_71d6db,321,FEE04,50,2015-11-10
P_e4972d,321,FEE05,150,2016-04-21
P_e7c384,218,FEE01,5000,2015-09-24
P_2ebb4a,218,FEE02,400,2015-09-01
P_6b6ff1,218,FEE03,100,2015-10-18
P_1abf72,218,FEE04,50,2015-11-19
P_e33311,218,FEE05,150,2016-05-02
P_86ba38,65,FEE01,5000,2015-10-05
P_aa7ea8,65,FEE02,400,2015-09-06
P_28bd28,65,FEE03,100,2015-10-20
P_79c0d4,65,FEE04,50,2015-11-23
P_8637fb,65,FEE05,0,
P_37a020,387,FEE01,5000,2015-09-21
P_6176f2,387,FEE02,400,2015-09-13
P_0338d9,387,FEE03,100,2015-10-07
P_af2ade,387,FEE04,50,2015-11-23
P_4d9eec,387,FEE05,150,2016-04-29
P_933589,13,FEE01,5000,2015-10-05
P_494d49,13,FEE02,0,
P_1e63fb,13,FEE03,100,2015-10-09
P_7da889,13,FEE04,0,
P_76e71a,13,FEE05,150,2016-04-29
P_636753,309,FEE01,5000,2015-10-02
P_9a430d,309,FEE02,400,2015-09-02
P_3227ce,309,FEE03,100,2015-10-18
P_9488f2,309,FEE04,50,2015-11-10
P_d653c7,309,FEE05,150,2016-05-05
P_417fff,102,FEE01,5000,2015-09-24
P_4c2de5,102,FEE02,400,2015-09-09
P_a585a2,102,FEE03,100,2015-10-18
P_c36441,102,FEE04,50,2015-11-24
P_60d712,102,FEE05,150,2016-05-06
P_71dde7,78,FEE01,5000,2015-10-01
P_e9b49c,78,FEE02,400,2015-09-01
P_ca2877,78,FEE03,100,2015-10-13
P_064dfa,78,FEE04,50,2015-11-22
P_537c23,78,FEE05,150,2016-05-02
P_474eed,377,FEE01,5000,2015-10-05
P_9eabb7,377,FEE02,400,2015-09-08
P_66c6e9,377,FEE03,100,2015-10-17
P_f6ee1c,377,FEE04,50,2015-11-23
P_aa343b,377,FEE05,150,2016-05-03
P_cf0bbb,358,FEE01,5000,2015-10-04
P_955f20,358,FEE02,400,2015-09-02
P_1944c5,358,FEE03,100,2015-10-11
P_4f009d,358,FEE04,50,2015-11-21
P_16ffa0,358,FEE05,150,2016-04-25
P_49398b,141,FEE01,5000,2015-09-23
P_7addf6,141,FEE02,400,2015-09-09
P_e42fc4,141,FEE03,100,2015-10-20
P_4d13d2,141,FEE04,50,2015-11-25
P_6a3c10,141,FEE05,150,2016-04-30
P_1ac925,285,FEE01,5000,2015-09-20
P_ba803c,285,FEE02,400,2015-09-01
P_88b762,285,FEE03,100,2015-10-06
P_8f63d6,285,FEE04,50,2015-11-10
P_135950,285,FEE05,150,2016-05-03
P_74327f,79,FEE01,5000,2015-09-24
P_86d6f4,79,FEE02,400,2015-08-31
P_a4b469,79,FEE03,100,2015-10-07
P_ea60f7,79,FEE04,50,2015-11-13
P_77ce4a,79,FEE05,0,
P_705976,107,FEE01,5000,2015-09-28
P_354b47,107,FEE02,400,2015-08-31
P_109ac6,107,FEE03,100,2015-10-08
P_2cb1fa,107,FEE04,50,2015-11-23
P_e94b57,107,FEE05,150,2016-04-21
P_4c1657,286,FEE01,5000,2015-09-29
P_f1c374,286,FEE02,400,2015-09-08
P_74bf47,286,FEE03,100,2015-10-11
P_a8bb3b,286,FEE04,50,2015-11-10
P_1cbb5b,286,FEE05,150,2016-04-21
P_9b7aa2,240,FEE01,5000,2015-10-01
P_7894f4,240,FEE02,400,2015-09-05
P_d542e4,240,FEE03,100,2015-10-05
P_93c160,240,FEE04,50,2015-11-18
P_74628c,240,FEE05,150,2016-05-04
P_bd6537,421,FEE01,5000,2015-10-03
P_47af47,421,FEE02,400,2015-09-05
P_d320fc,421,FEE03,100,2015-10-07
P_723138,421,FEE04,0,
P_56f206,421,FEE05,150,2016-05-06
P_b22342,227,FEE01,0,
P_420068,227,FEE02,400,2015-09-15
P_884df2,227,FEE03,100,2015-10-17
P_9c8bcd,227,FEE04,50,2015-11-14
P_5bbb5f,227,FEE05,150,2016-04-27
P_f838eb,236,FEE01,5000,2015-10-05
P_134ac7,236,FEE02,400,2015-09-02
P_26ec69,236,FEE03,100,2015-10-19
P_39f0e5,236,FEE04,50,2015-11-14
P_364cc1,236,FEE05,0,
P_723f34,375,FEE01,5000,2015-09-20
P_1748ec,375,FEE02,400,2015-09-03
P_8e9e2b,375,FEE03,100,2015-10-18
P_967f0d,375,FEE04,0,
P_ee03d9,375,FEE05,150,2016-04-21
P_2ecf9c,440,FEE01,5000,2015-09-23
P_165787,440,FEE02,400,2015-09-01
P_7cb036,440,FEE03,100,2015-10-11
P_b54400,440,FEE04,50,2015-11-19
P_0b7b78,440,FEE05,150,2016-05-01
P_8e2280,81,FEE01,5000,2015-10-02
P_41bcda,81,FEE02,400,2015-08-31
P_3cedf8,81,FEE03,0,
P_3a7648,81,FEE04,50,2015-11-13
P_a34fd8,81,FEE05,150,2016-04-23
P_3a40eb,198,FEE01,5000,2015-10-01
P_77631f,198,FEE02,0,
P_4e7252,198,FEE03,100,2015-10-08
P_32b72f,198,FEE04,50,2015-11-18
P_0061f5,198,FEE05,150,2016-04-21
P_aa0c3a,165,FEE01,5000,2015-09-30
P_84e4ff,165,FEE02,400,2015-09-04
P_b61349,165,FEE03,100,2015-10-14
P_555b90,165,FEE04,50,2015-11-15
P_6be506,165,FEE05,150,2016-04-27
P_78a0c8,72,FEE01,5000,2015-09-25
P_5e3f64,72,FEE02,400,2015-09-12
P_bf9398,72,FEE03,100,2015-10-15
P_3cbecd,72,FEE04,50,2015-11-18
P_39e2d0,72,FEE05,150,2016-04-25
P_f576b1,331,FEE01,5000,2015-09-22
P_7b69e8,331,FEE02,400,2015-09-04
P_0c5ecf,331,FEE03,100,2015-10-11
P_bf15c9,331,FEE04,50,2015-11-21
P_1a4468,331,FEE05,150,2016-05-02
P_cc0ff4,294,FEE01,5000,2015-09-25
P_716a00,294,FEE02,400,2015-09-06
P_d53545,294,FEE03,100,2015-10-16
P_e7a3c4,294,FEE04,50,2015-11-10
P_4026ae,294,FEE05,150,2016-04-28
P_52c1c3,434,FEE01,5000,2015-09-27
P_7d465a,434,FEE02,0,
P_d748f4,434,FEE03,100,2015-10-05
P_cb79bb,434,FEE04,50,2015-11-19
P_5c85e5,434,FEE05,150,2016-04-23
P_c1a905,245,FEE01,5000,2015-09-27
P_5c02c2,245,FEE02,400,2015-09-09
P_78d664,245,FEE03,100,2015-10-20
P_48ba70,245,FEE04,50,2015-11-15
P_66149b,245,FEE05,0,
P_17bf3f,383,FEE01,5000,2015-09-23
P_2a2bbe,383,FEE02,0,
P_c3a1d6,383,FEE03,100,2015-10-11
P_24b0bf,383,FEE04,50,2015-11-15
P_63f882,383,FEE05,150,2016-04-28
P_a69075,484,FEE01,5000,2015-09-26
P_42bd61,484,FEE02,400,2015-09-13
P_c44b34,484,FEE03,100,2015-10-17
P_10ec31,484,FEE04,50,2015-11-12
P_e45fc0,484,FEE05,150,2016-04-24
P_3e58c5,171,FEE01,5000,2015-09-28
P_57f9e9,171,FEE02,0,
P_0d5ef1,171,FEE03,100,2015-10-15
P_d40ffe,171,FEE04,50,2015-11-25
P_b433ad,171,FEE05,150,2016-05-03
P_bdfc73,451,FEE01,0,
P_4993dd,451,FEE02,400,2015-09-15
P_6219a3,451,FEE03,100,2015-10-15
P_99fcc8,451,FEE04,0,
P_5de7b5,451,FEE05,0,
P_5c66b9,184,FEE01,5000,2015-09-22
P_4767df,184,FEE02,400,2015-09-04
P_42e230,184,FEE03,100,2015-10-15
P_b54da8,184,FEE04,50,2015-11-23
P_c7fc60,184,FEE05,150,2016-04-22
P_928051,118,FEE01,0,
P_3b42d9,118,FEE02,400,2015-09-05
P_b6ff50,118,FEE03,100,2015-10-19
P_d033f3,118,FEE04,50,2015-11-20
P_365494,118,FEE05,150,2016-04-29
P_df7383,82,FEE01,5000,2015-09-25
P_201be7,82,FEE02,400,2015-09-10
P_921d5c,82,FEE03,100,2015-10-14
P_33d487,82,FEE04,0,
P_29e66e,82,FEE05,150,2016-04-26
P_43a311,188,FEE01,5000,2015-09-27
P_d35525,188,FEE02,400,2015-09-10
P_e5b229,188,FEE03,100,2015-10-11
P_1bf28c,188,FEE04,50,2015-11-23
P_ca8bce,188,FEE05,150,2016-05-03
P_581e24,18,FEE01,5000,2015-10-01
P_b143ca,18,FEE02,400,2015-09-14
P_42abf4,18,FEE03,100,2015-10-15
P_6b3e7f,18,FEE04,50,2015-11-20
P_b51958,18,FEE05,0,
P_221cfb,2,FEE01,5000,2015-09-24
P_cfcfca,2,FEE02,400,2015-09-07
P_f3cade,2,FEE03,100,2015-10-13
P_715bca,2,FEE04,50,2015-11-25
P_4168d3,2,FEE05,150,2016-04-30
P_e5aa59,205,FEE01,5000,2015-09-22
P_a5ca6b,205,FEE02,400,2015-09-14
P_27d7a2,205,FEE03,100,2015-10-05
P_9df4bd,205,FEE04,50,2015-11-19
P_99ffb4,205,FEE05,150,2016-05-05
P_e52035,203,FEE01,5000,2015-10-01
P_358023,203,FEE02,400,2015-09-03
P_16738d,203,FEE03,100,2015-10-05
P_1d8fdb,203,FEE04,50,2015-11-25
P_e10923,203,FEE05,0,
P_b08021,382,FEE01,5000,2015-09-20
P_f1d585,382,FEE02,400,2015-09-10
P_6b0d09,382,FEE03,100,2015-10-07
P_b9d692,382,FEE04,0,
P_7d8ee4,382,FEE05,150,2016-04-27
P_0a8d19,83,FEE01,5000,2015-09-23
P_04b156,83,FEE02,400,2015-09-13
P_df7424,83,FEE03,100,2015-10-07
P_bda775,83,FEE04,50,2015-11-11
P_f6195e,83,FEE05,150,2016-04-27
P_6af8f6,140,FEE01,5000,2015-10-02
P_576e01,140,FEE02,400,2015-09-15
P_330f3e,140,FEE03,100,2015-10-15
P_cbd318,140,FEE04,50,2015-11-14
P_7caa8e,140,FEE05,150,2016-04-30
P_ac8d1a,254,FEE01,5000,2015-10-02
P_9806ba,254,FEE02,0,
P_5f8a8f,254,FEE03,100,2015-10-18
P_9adadb,254,FEE04,50,2015-11-20
P_55f538,254,FEE05,150,2016-05-02
P_1b9ae1,26,FEE01,5000,2015-09-21
P_762bf7,26,FEE02,0,
P_d2dfe9,26,FEE03,100,2015-10-11
P_a35eac,26,FEE04,50,2015-11-17
P_bdf5c9,26,FEE05,150,2016-05-04
P_875523,320,FEE01,5000,2015-09-30
P_e08926,320,FEE02,0,
P_ce4602,320,FEE03,100,2015-10-06
P_045f12,320,FEE04,50,2015-11-22
P_33a8c3,320,FEE05,150,2016-04-30
P_ddbe39,341,FEE01,0,
P_84f1ff,341,FEE02,400,2015-09-11
P_b088c3,341,FEE03,100,2015-10-16
P_cd55bd,341,FEE04,50,2015-11-24
P_1cb3d1,341,FEE05,150,2016-05-05
P_640545,422,FEE01,5000,2015-09-25
P_2acf6c,422,FEE02,0,
P_45e30f,422,FEE03,100,2015-10-18
P_f5ce4f,422,FEE04,50,2015-11-19
P_45197c,422,FEE05,150,2016-04-25
P_0ff430,393,FEE01,5000,2015-09-26
P_1d682b,393,FEE02,400,2015-09-05
P_7be89f,393,FEE03,100,2015-10-12
P_ae1faf,393,FEE04,50,2015-11-22
P_e4c63b,393,FEE05,0,
P_894123,487,FEE01,5000,2015-09-28
P_6d69eb,487,FEE02,400,2015-09-05
P_319ce2,487,FEE03,100,2015-10-13
P_4d3899,487,FEE04,50,2015-11-11
P_f86ceb,487,FEE05,150,2016-05-02
P_25f03d,289,FEE01,5000,2015-10-05
P_078c65,289,FEE02,400,2015-08-31
P_b7daf7,289,FEE03,100,2015-10-19
P_63ec59,289,FEE04,50,2015-11-15
P_b09a1b,289,FEE05,150,2016-05-05
P_f1de9b,364,FEE01,5000,2015-10-03
P_8612df,364,FEE02,400,2015-09-04
P_b7e80d,364,FEE03,100,2015-10-19
P_8c7e1d,364,FEE04,50,2015-11-10
P_a52455,364,FEE05,150,2016-04-25
P_d95f3c,408,FEE01,5000,2015-09-29
P_0e545e,408,FEE02,400,2015-09-01
P_1637e7,408,FEE03,100,2015-10-06
P_05d476,408,FEE04,50,2015-11-17
P_0e080a,408,FEE05,150,2016-04-26
P_dc9a8f,441,FEE01,5000,2015-09-24
P_0fb7f8,441,FEE02,400,2015-09-09
P_5bfb66,441,FEE03,100,2015-10-14
P_e6288f,441,FEE04,50,2015-11-13
P_d0885d,441,FEE05,150,2016-05-06
P_5bf4a3,93,FEE01,5000,2015-09-30
P_990f99,93,FEE02,400,2015-09-15
P_9bb97e,93,FEE03,100,2015-10-10
P_3ef890,93,FEE04,0,
P_d613b0,93,FEE05,150,2016-04-28
P_8de9b0,98,FEE01,5000,2015-10-01
P_b4299d,98,FEE02,400,2015-09-01
P_a3fe59,98,FEE03,100,2015-10-07
P_2c3020,98,FEE04,50,2015-11-13
P_fc4080,98,FEE05,150,2016-04-30
P_817a0b,363,FEE01,5000,2015-09-23
P_5dd340,363,FEE02,0,
P_7c4894,363,FEE03,100,2015-10-09
P_fc2c80,363,FEE04,50,2015-11-21
P_3eacf9,363,FEE05,150,2016-04-25
P_c46c11,97,FEE01,5000,2015-09-20
P_c3c10d,97,FEE02,400,2015-09-13
P_926c20,97,FEE03,100,2015-10-13
P_f8d143,97,FEE04,50,2015-11-16
P_306900,97,FEE05,150,2016-05-06
P_4e1f7a,374,FEE01,5000,2015-09-25
P_1aafd4,374,FEE02,400,2015-09-03
P_8e06f0,374,FEE03,100,2015-10-11
P_722c63,374,FEE04,50,2015-11-10
P_eebf3c,374,FEE05,150,2016-04-28
P_b39dc4,11,FEE01,5000,2015-09-22
P_777422,11,FEE02,400,2015-09-01
P_b5274d,11,FEE03,0,
P_0ceac4,11,FEE04,50,2015-11-16
P_dc858c,11,FEE05,150,2016-04-27
P_481176,100,FEE01,5000,2015-09-23
P_0346a3,100,FEE02,400,2015-09-11
P_3e0f60,100,FEE03,100,2015-10-20
P_d8f365,100,FEE04,50,2015-11-24
P_5899d6,100,FEE05,150,2016-04-22
P_10eb3a,204,FEE01,0,
P_224afa,204,FEE02,400,2015-09-01
P_de2652,204,FEE03,100,2015-10-15
P_f62168,204,FEE04,0,
P_4ef57c,204,FEE05,150,2016-04-24
P_02da57,347,FEE01,5000,2015-09-28
P_ac83fd,347,FEE02,400,2015-09-01
P_6a9070,347,FEE03,100,2015-10-06
P_6fc9de,347,FEE04,50,2015-11-11
P_f0e92e,347,FEE05,150,2016-04-26
P_535edf,119,FEE01,5000,2015-09-23
P_8f9234,119,FEE02,400,2015-09-01
P_e3aee3,119,FEE03,100,2015-10-13
P_fc16fb,119,FEE04,50,2015-11-20
P_7921aa,119,FEE05,150,2016-04-23
P_5d8f0d,319,FEE01,5000,2015-09-26
P_e08abf,319,FEE02,400,2015-08-31
P_5b40c6,319,FEE03,100,2015-10-19
P_315b83,319,FEE04,50,2015-11-23
P_7d2f5b,319,FEE05,150,2016-05-01
P_fa660c,293,FEE01,5000,2015-10-02
P_51773c,293,FEE02,400,2015-09-05
P_0274c1,293,FEE03,100,2015-10-07
P_203e64,293,FEE04,0,
P_f577c9,293,FEE05,150,2016-05-05
P_393dbf,132,FEE01,5000,2015-09-26
P_8ddd9c,132,FEE02,400,2015-09-15
P_c116c4,132,FEE03,100,2015-10-13
P_961c34,132,FEE04,50,2015-11-21
P_e40f9f,132,FEE05,150,2016-05-01
P_9e1974,74,FEE01,5000,2015-10-01
P_5380c7,74,FEE02,400,2015-09-15
P_4504fa,74,FEE03,100,2015-10-15
P_cde4ad,74,FEE04,50,2015-11-25
P_272082,74,FEE05,150,2016-05-04
P_c7eb22,161,FEE01,0,
P_078694,161,FEE02,400,2015-09-05
P_9dbb2f,161,FEE03,100,2015-10-05
P_19d578,161,FEE04,50,2015-11-19
P_df0756,161,FEE05,150,2016-04-24
P_cb699c,195,FEE01,5000,2015-09-26
P_5a9259,195,FEE02,0,
P_6849f9,195,FEE03,100,2015-10-10
P_f965b1,195,FEE04,50,2015-11-21
P_5bd078,195,FEE05,150,2016-05-02
P_e353e8,420,FEE01,5000,2015-09-20
P_a6b339,420,FEE02,0,
P_3a4c98,420,FEE03,100,2015-10-19
P_870f5d,420,FEE04,50,2015-11-16
P_f5ba69,420,FEE05,150,2016-05-05
P_e8f9df,279,FEE01,5000,2015-09-29
P_33a15a,279,FEE02,400,2015-08-31
P_1bb4e0,279,FEE03,100,2015-10-11
P_d96491,279,FEE04,50,2015-11-23
P_eb7eb4,279,FEE05,150,2016-04-24
P_1dab39,246,FEE01,5000,2015-09-25
P_9d3d5d,246,FEE02,400,2015-09-05
P_ddee4b,246,FEE03,100,2015-10-09
P_39325d,246,FEE04,50,2015-11-14
P_6bffeb,246,FEE05,150,2016-04-27
P_f3419d,187,FEE01,5000,2015-10-03
P_410da1,187,FEE02,400,2015-09-11
P_0980b8,187,FEE03,100,2015-10-08
P_294dff,187,FEE04,50,2015-11-17
P_d7498d,187,FEE05,150,2016-04-25
P_6c1630,396,FEE01,5000,2015-09-29
P_079809,396,FEE02,400,2015-08-31
P_cee256,396,FEE03,100,2015-10-05
P_23a43a,396,FEE04,50,2015-11-24
P_8c84ef,396,FEE05,150,2016-04-22
P_bcef25,144,FEE01,5000,2015-09-21
P_6fbcc5,144,FEE02,400,2015-09-05
P_02cb2e,144,FEE03,100,2015-10-05
P_0cc811,144,FEE04,50,2015-11-12
P_f52cbc,144,FEE05,150,2016-04-21
P_380cee,500,FEE01,5000,2015-10-02
P_c5abbd,500,FEE02,400,2015-09-05
P_0c783c,500,FEE03,100,2015-10-05
P_5550a1,500,FEE04,50,2015-11-20
P_66cfc8,500,FEE05,150,2016-04-27
P_186461,131,FEE01,5000,2015-10-04
P_f4045e,131,FEE02,400,2015-09-10
P_73c528,131,FEE03,100,2015-10-09
P_e6f2af,131,FEE04,50,2015-11-19
P_60b483,131,FEE05,150,2016-04-24
P_12b828,419,FEE01,5000,2015-09-29
P_fd481a,419,FEE02,400,2015-09-08
P_2189d4,419,FEE03,100,2015-10-20
P_ad3246,419,FEE04,50,2015-11-10
P_d2c6e4,419,FEE05,150,2016-05-03
P_8e93f2,488,FEE01,5000,2015-09-27
P_0f070b,488,FEE02,400,2015-09-14
P_b5e2d0,488,FEE03,100,2015-10-09
P_149406,488,FEE04,50,2015-11-18
P_8c6050,488,FEE05,150,2016-04-28
P_440ae2,129,FEE01,5000,2015-09-22
P_c233f0,129,FEE02,0,
P_5148c9,129,FEE03,100,2015-10-15
P_da1bb5,129,FEE04,50,2015-11-18
P_812637,129,FEE05,150,2016-05-03
P_93571b,470,FEE01,5000,2015-09-25
P_690788,470,FEE02,400,2015-09-02
P_c58e13,470,FEE03,100,2015-10-08
P_ea89f1,470,FEE04,50,2015-11-14
P_c39bdc,470,FEE05,150,2016-04-26
P_d39e70,148,FEE01,5000,2015-09-22
P_c5dedd,148,FEE02,400,2015-09-02
P_fd906a,148,FEE03,100,2015-10-18
P_64a380,148,FEE04,50,2015-11-13
P_f96784,148,FEE05,150,2016-04-28
P_f0a3e0,51,FEE01,5000,2015-09-24
P_33dfdc,51,FEE02,400,2015-09-15
P_9fc3d7,51,FEE03,100,2015-10-12
P_1ab8e2,51,FEE04,50,2015-11-16
P_919bb4,51,FEE05,150,2016-04-25
P_4102f9,166,FEE01,5000,2015-09-22
P_73e71c,166,FEE02,400,2015-09-08
P_604c7b,166,FEE03,100,2015-10-11
P_5f7cb9,166,FEE04,50,2015-11-22
P_3eba3a,166,FEE05,150,2016-04-23
P_797230,499,FEE01,5000,2015-09-25
P_182a6e,499,FEE02,400,2015-09-13
P_6a1e6a,499,FEE03,100,2015-10-19
P_52c24d,499,FEE04,50,2015-11-14
P_0ff3d9,499,FEE05,150,2016-04-30
P_cbf2e6,418,FEE01,5000,2015-09-20
P_c25ab8,418,FEE02,400,2015-09-08
P_688247,418,FEE03,100,2015-10-07
P_3c27ac,418,FEE04,50,2015-11-25
P_4207cb,418,FEE05,150,2016-04-23
P_43f7b3,238,FEE01,5000,2015-09-29
P_979d46,238,FEE02,400,2015-09-14
P_6760a3,238,FEE03,100,2015-10-11
P_e1f0a8,238,FEE04,50,2015-11-24
P_612a03,238,FEE05,150,2016-04-25
P_ed2b10,237,FEE01,5000,2015-09-30
P_d699ca,237,FEE02,400,2015-09-01
P_e70509,237,FEE03,100,2015-10-20
P_ecbc7b,237,FEE04,50,2015-11-17
P_7008f5,237,FEE05,150,2016-04-26
P_8c97be,445,FEE01,5000,2015-10-02
P_23f183,445,FEE02,400,2015-09-06
P_97cee0,445,FEE03,100,2015-10-15
P_25246d,445,FEE04,50,2015-11-13
P_de074f,445,FEE05,150,2016-04-24
P_81d8f0,483,FEE01,5000,2015-09-30
P_150d12,483,FEE02,400,2015-09-06
P_18a196,483,FEE03,100,2015-10-13
P_4165b0,483,FEE04,50,2015-11-19
P_970750,483,FEE05,150,2016-04-26
P_bbf64f,446,FEE01,5000,2015-09-23
P_492aa7,446,FEE02,400,2015-09-01
P_703400,446,FEE03,100,2015-10-14
P_bcd480,446,FEE04,0,
P_be672b,446,FEE05,150,2016-04-27
P_8cded0,407,FEE01,5000,2015-09-27
P_ccf517,407,FEE02,400,2015-09-15
P_756748,407,FEE03,100,2015-10-20
P_cd71c4,407,FEE04,50,2015-11-19
P_ca4a9e,407,FEE05,150,2016-04-26
P_a1acac,278,FEE01,5000,2015-09-20
P_cae40d,278,FEE02,400,2015-09-09
P_a9697a,278,FEE03,100,2015-10-15
P_be294c,278,FEE04,50,2015-11-19
P_df41dd,278,FEE05,150,2016-04-21
P_a21888,235,FEE01,5000,2015-10-04
P_ea1875,235,FEE02,400,2015-09-11
P_ae8f52,235,FEE03,100,2015-10-11
P_7d463d,235,FEE04,50,2015-11-17
P_235d9b,235,FEE05,150,2016-04-27
P_967c28,303,FEE01,5000,2015-09-29
P_d8d4ff,303,FEE02,400,2015-09-03
P_07bd1d,303,FEE03,100,2015-10-11
P_c72e62,303,FEE04,50,2015-11-16
P_83cf18,303,FEE05,150,2016-05-01
P_cf9616,480,FEE01,5000,2015-09-30
P_b459c9,480,FEE02,0,
P_ea28d0,480,FEE03,100,2015-10-08
P_ad2ce2,480,FEE04,50,2015-11-10
P_585d73,480,FEE05,150,2016-05-04
P_ca1195,460,FEE01,5000,2015-09-29
P_9a3831,460,FEE02,0,
P_614a1e,460,FEE03,100,2015-10-07
P_c692c1,460,FEE04,50,2015-11-19
P_7cbcd0,460,FEE05,150,2016-05-06
P_aad991,313,FEE01,5000,2015-10-04
P_1f8485,313,FEE02,400,2015-09-14
P_64f316,313,FEE03,100,2015-10-10
P_f8a792,313,FEE04,50,2015-11-12
P_26f746,313,FEE05,150,2016-05-01
P_9b2fb6,463,FEE01,5000,2015-09-24
P_833f6d,463,FEE02,400,2015-08-31
P_c629e7,463,FEE03,100,2015-10-07
P_634678,463,FEE04,50,2015-11-19
P_7e9a9f,463,FEE05,150,2016-04-24
P_616f31,128,FEE01,5000,2015-09-21
P_bb0e20,128,FEE02,400,2015-09-03
P_62afdb,128,FEE03,100,2015-10-05
P_5b0e14,128,FEE04,0,
P_2b80a4,128,FEE05,150,2016-04-26
P_7b7fd6,120,FEE01,5000,2015-09-23
P_12b317,120,FEE02,400,2015-09-12
P_4db890,120,FEE03,100,2015-10-13
P_3a3f72,120,FEE04,50,2015-11-25
P_447971,120,FEE05,150,2016-04-21
P_cad1fb,481,FEE01,5000,2015-10-05
P_c18da0,481,FEE02,400,2015-09-13
P_f82dd1,481,FEE03,100,2015-10-16
P_56358a,481,FEE04,50,2015-11-15
P_873167,481,FEE05,150,2016-05-05
P_6cfaf3,314,FEE01,5000,2015-09-22
P_37b524,314,FEE02,0,
P_3d01eb,314,FEE03,100,2015-10-16
P_e9a14e,314,FEE04,50,2015-11-17
P_a0250d,314,FEE05,0,
P_d9b0f7,336,FEE01,5000,2015-09-20
P_0ced72,336,FEE02,400,2015-09-10
P_8be2da,336,FEE03,100,2015-10-05
P_4ee0c0,336,FEE04,50,2015-11-11
P_bce68c,336,FEE05,150,2016-05-01
P_c14bcd,69,FEE01,5000,2015-10-03
P_5ea8ef,69,FEE02,400,2015-09-13
P_0eba81,69,FEE03,100,2015-10-16
P_ed7fce,69,FEE04,50,2015-11-15
P_609d15,69,FEE05,150,2016-05-05
P_dc3281,415,FEE01,5000,2015-09-30
P_a898c7,415,FEE02,400,2015-09-07
P_e5b9a5,415,FEE03,0,
P_00cb1d,415,FEE04,50,2015-11-23
P_01a4dc,415,FEE05,150,2016-05-05
P_ffa1b7,474,FEE01,5000,2015-09-28
P_efa55b,474,FEE02,400,2015-09-06
P_b322ce,474,FEE03,100,2015-10-20
P_d2c5c6,474,FEE04,50,2015-11-16
P_7526c5,474,FEE05,150,2016-04-23
P_6c4e9e,170,FEE01,5000,2015-10-04
P_8c16cb,170,FEE02,400,2015-09-03
P_fa4e4c,170,FEE03,100,2015-10-13
P_573241,170,FEE04,50,2015-11-24
P_14af9f,170,FEE05,150,2016-04-29
P_9453a8,45,FEE01,5000,2015-10-04
P_a458c6,45,FEE02,400,2015-09-15
P_ae9bb4,45,FEE03,100,2015-10-19
P_9a4a6b,45,FEE04,50,2015-11-12
P_9ffc76,45,FEE05,150,2016-04-22
P_52b417,381,FEE01,5000,2015-10-03
P_a7a78e,381,FEE02,400,2015-09-01
P_b2c093,381,FEE03,100,2015-10-07
P_27365d,381,FEE04,0,
P_f2fe47,381,FEE05,150,2016-04-27
P_adcc16,453,FEE01,5000,2015-09-26
P_767874,453,FEE02,400,2015-09-07
P_ba8766,453,FEE03,100,2015-10-19
P_ea7d9d,453,FEE04,50,2015-11-18
P_18a490,453,FEE05,150,2016-04-28
P_8377f8,59,FEE01,0,
P_b0b5e9,59,FEE02,400,2015-09-13
P_1df381,59,FEE03,100,2015-10-14
P_5f8c11,59,FEE04,50,2015-11-11
P_3dc0a3,59,FEE05,150,2016-05-06
P_16ec28,339,FEE01,5000,2015-09-23
P_ad7e6e,339,FEE02,400,2015-09-06
P_3f4633,339,FEE03,0,
P_6216f6,339,FEE04,50,2015-11-12
P_b703b5,339,FEE05,150,2016-04-26
P_ccd154,113,FEE01,5000,2015-09-21
P_80dfea,113,FEE02,400,2015-09-07
P_20bb1a,113,FEE03,100,2015-10-05
P_bfb68e,113,FEE04,0,
P_f8a39f,113,FEE05,150,2016-05-04
P_22d08e,116,FEE01,5000,2015-09-22
P_010d99,116,FEE02,400,2015-09-06
P_7923b2,116,FEE03,100,2015-10-14
P_eef75c,116,FEE04,50,2015-11-16
P_d858fa,116,FEE05,150,2016-04-30
P_dd2734,99,FEE01,5000,2015-09-21
P_35db03,99,FEE02,400,2015-09-15
P_6f9c2c,99,FEE03,0,
P_588890,99,FEE04,50,2015-11-19
P_563ff6,99,FEE05,150,2016-05-05
P_db55a1,139,FEE01,5000,2015-09-29
P_8cf7f5,139,FEE02,400,2015-09-13
P_f7aead,139,FEE03,100,2015-10-15
P_1bc822,139,FEE04,50,2015-11-25
P_48c312,139,FEE05,150,2016-04-25
P_fbfe28,430,FEE01,5000,2015-09-25
P_bb0cb8,430,FEE02,400,2015-09-10
P_9e2a85,430,FEE03,100,2015-10-10
P_334159,430,FEE04,50,2015-11-20
P_c89e1d,430,FEE05,0,
P_191f45,134,FEE01,5000,2015-10-03
P_35ea58,134,FEE02,400,2015-09-03
P_4d459d,134,FEE03,0,
P_fb33e8,134,FEE04,50,2015-11-15
P_56c403,134,FEE05,150,2016-04-30
P_26cdcf,199,FEE01,5000,2015-10-04
P_5bd8fb,199,FEE02,400,2015-09-05
P_f595f0,199,FEE03,100,2015-10-12
P_e949f4,199,FEE04,50,2015-11-10
P_7df027,199,FEE05,150,2016-04-23
P_da97ef,15,FEE01,5000,2015-09-27
P_aadc85,15,FEE02,0,
P_df931c,15,FEE03,100,2015-10-13
P_240fa2,15,FEE04,50,2015-11-13
P_0858c2,15,FEE05,150,2016-04-27
P_5b5d8e,489,FEE01,5000,2015-10-03
P_1a051f,489,FEE02,400,2015-09-14
P_b85239,489,FEE03,100,2015-10-17
P_bcdede,489,FEE04,50,2015-11-24
P_ae7028,489,FEE05,150,2016-05-04
P_001fcc,468,FEE01,5000,2015-09-27
P_b3fd78,468,FEE02,400,2015-09-03
P_cd7fcb,468,FEE03,100,2015-10-14
P_8ed2e7,468,FEE04,50,2015-11-11
P_1ef911,468,FEE05,0,
P_50b6f6,146,FEE01,5000,2015-09-21
P_18bdac,146,FEE02,400,2015-09-07
P_876e87,146,FEE03,0,
P_0ffe77,146,FEE04,50,2015-11-14
P_09ae2e,146,FEE05,150,2016-04-29
P_eb45e0,202,FEE01,5000,2015-10-02
P_6ccfab,202,FEE02,400,2015-09-05
P_56c257,202,FEE03,0,
P_5f7f76,202,FEE04,50,2015-11-12
P_7b3c5b,202,FEE05,150,2016-04-25
P_0a5ba9,478,FEE01,0,
P_b7206a,478,FEE02,400,2015-09-02
P_91ad81,478,FEE03,100,2015-10-12
P_c4a680,478,FEE04,50,2015-11-11
P_9df283,478,FEE05,150,2016-04-23
P_af60b4,261,FEE01,5000,2015-09-22
P_513066,261,FEE02,400,2015-09-06
P_4eb13e,261,FEE03,100,2015-10-20
P_af5f8d,261,FEE04,0,
P_23e189,261,FEE05,150,2016-04-25
P_9f9665,200,FEE01,5000,2015-10-03
P_f13136,200,FEE02,400,2015-09-11
P_16f3b6,200,FEE03,100,2015-10-09
P_dc2895,200,FEE04,50,2015-11-23
P_0ec04d,200,FEE05,150,2016-04-24
P_5f010d,85,FEE01,0,
P_76a284,85,FEE02,400,2015-09-01
P_5c9f79,85,FEE03,100,2015-10-12
P_79587c,85,FEE04,50,2015-11-11
P_4ce76c,85,FEE05,150,2016-04-25
P_772423,135,FEE01,5000,2015-09-20
P_d2e9f0,135,FEE02,400,2015-09-10
P_9f69e5,135,FEE03,0,
P_87b57a,135,FEE04,50,2015-11-10
P_df8278,135,FEE05,150,2016-05-03
P_92ad77,108,FEE01,5000,2015-09-29
P_3e5199,108,FEE02,400,2015-09-12
P_d8c77a,108,FEE03,100,2015-10-16
P_04a528,108,FEE04,0,
P_cf69a3,108,FEE05,150,2016-04-30
P_144918,232,FEE01,0,
P_351484,232,FEE02,400,2015-08-31
P_73c8c5,232,FEE03,100,2015-10-17
P_cc6e3a,232,FEE04,50,2015-11-12
P_e55977,232,FEE05,150,2016-04-22
P_31ed4f,349,FEE01,5000,2015-10-04
P_b59f2a,349,FEE02,400,2015-09-15
P_1eb3f2,349,FEE03,100,2015-10-11
P_0e1bcd,349,FEE04,50,2015-11-17
P_c6f4d6,349,FEE05,150,2016-05-04
P_d174a1,351,FEE01,5000,2015-10-02
P_a94067,351,FEE02,400,2015-09-15
P_3a3898,351,FEE03,100,2015-10-08
P_daca71,351,FEE04,0,
P_b4c7a7,351,FEE05,150,2016-05-01
P_6bfb5a,477,FEE01,5000,2015-10-05
P_a16d45,477,FEE02,400,2015-09-09
P_25f416,477,FEE03,100,2015-10-09
P_8dbd2d,477,FEE04,0,
P_547d19,477,FEE05,150,2016-04-28
P_64d890,280,FEE01,5000,2015-09-27
P_fb6a84,280,FEE02,400,2015-09-15
P_99e3e6,280,FEE03,100,2015-10-10
P_77f1d5,280,FEE04,50,2015-11-17
P_6055bf,280,FEE05,0,
P_a1365d,324,FEE01,0,
P_2624e0,324,FEE02,0,
P_443da6,324,FEE03,100,2015-10-19
P_5b32b3,324,FEE04,50,2015-11-11
P_6bd2ed,324,FEE05,150,2016-05-03
P_a5fd06,63,FEE01,5000,2015-09-27
P_bc4833,63,FEE02,400,2015-09-06
P_30d8ce,63,FEE03,100,2015-10-18
P_d782af,63,FEE04,50,2015-11-20
P_0933bc,63,FEE05,150,2016-04-28
P_1a8187,409,FEE01,5000,2015-10-05
P_315ed3,409,FEE02,400,2015-09-08
P_3e7f8e,409,FEE03,100,2015-10-16
P_815e92,409,FEE04,50,2015-11-20
P_4e5e56,409,FEE05,150,2016-04-22
P_2301fd,194,FEE01,0,
P_b630a6,194,FEE02,400,2015-09-02
P_3a4e2e,194,FEE03,100,2015-10-18
P_10a9e7,194,FEE04,50,2015-11-14
P_4003f8,194,FEE05,150,2016-05-03
P_18d425,1,FEE01,0,
P_bf19ff,1,FEE02,400,2015-08-31
P_8f84b4,1,FEE03,100,2015-10-09
P_f372e9,1,FEE04,50,2015-11-23
P_67c6a2,1,FEE05,150,2016-04-30
P_19cea4,467,FEE01,5000,2015-10-02
P_ce5c63,467,FEE02,400,2015-09-07
P_61a60b,467,FEE03,100,2015-10-05
P_c4af35,467,FEE04,50,2015-11-15
P_048c0f,467,FEE05,150,2016-04-30
P_2c2fb1,352,FEE01,0,
P_b62b3a,352,FEE02,400,2015-09-08
P_a2d809,352,FEE03,100,2015-10-13
P_6b0ff9,352,FEE04,50,2015-11-18
P_6acacb,352,FEE05,150,2016-05-05
P_7e49d5,479,FEE01,5000,2015-09-22
P_667949,479,FEE02,400,2015-09-14
P_f5cc20,479,FEE03,0,
P_8b0665,479,FEE04,50,2015-11-17
P_af7c6d,479,FEE05,150,2016-05-01
P_c68c7c,68,FEE01,0,
P_e84e71,68,FEE02,400,2015-09-04
P_929fd4,68,FEE03,100,2015-10-07
P_81a80e,68,FEE04,50,2015-11-19
P_2398ec,68,FEE05,150,2016-04-27
P_5e4385,376,FEE01,5000,2015-09-25
P_3fc2bd,376,FEE02,0,
P_9335cd,376,FEE03,0,
P_84cada,376,FEE04,50,2015-11-13
P_0a4f79,376,FEE05,150,2016-04-24
P_77b294,269,FEE01,5000,2015-09-24
P_7a792b,269,FEE02,400,2015-09-08
P_b0f56d,269,FEE03,100,2015-10-08
P_220b06,269,FEE04,50,2015-11-23
P_c08d2e,269,FEE05,150,2016-05-02
P_416686,122,FEE01,5000,2015-09-26
P_e29e07,122,FEE02,400,2015-09-13
P_1d982c,122,FEE03,100,2015-10-09
P_0c6e1d,122,FEE04,50,2015-11-22
P_7b01ca,122,FEE05,150,2016-04-28
P_c4731c,495,FEE01,5000,2015-09-28
P_3871ca,495,FEE02,400,2015-09-01
P_65f057,495,FEE03,100,2015-10-09
P_c7fe7e,495,FEE04,50,2015-11-10
P_51c077,495,FEE05,150,2016-04-24
P_9bffbe,167,FEE01,5000,2015-09-30
P_161df0,167,FEE02,400,2015-09-12
P_802a31,167,FEE03,100,2015-10-06
P_ece058,167,FEE04,50,2015-11-18
P_ed9b58,167,FEE05,150,2016-04-30
P_bd3bc2,496,FEE01,5000,2015-09-30
P_1e79f7,496,FEE02,400,2015-09-01
P_7e54fe,496,FEE03,100,2015-10-09
P_b016ed,496,FEE04,0,
P_805241,496,FEE05,150,2016-04-27
P_222e2b,213,FEE01,5000,2015-10-04
P_962bb2,213,FEE02,400,2015-09-15
P_a93534,213,FEE03,100,2015-10-16
P_7d4fcf,213,FEE04,50,2015-11-24
P_b99f4d,213,FEE05,150,2016-04-21
P_38aac2,201,FEE01,5000,2015-09-26
P_76ebc9,201,FEE02,0,
P_552c1b,201,FEE03,100,2015-10-09
P_d05d0d,201,FEE04,50,2015-11-17
P_410f2f,201,FEE05,150,2016-05-06
P_5c24f9,410,FEE01,5000,2015-09-26
P_7d30f1,410,FEE02,400,2015-09-02
P_7a4e33,410,FEE03,100,2015-10-20
P_d3244b,410,FEE04,50,2015-11-17
P_fdd88b,410,FEE05,150,2016-04-23
P_773584,163,FEE01,5000,2015-10-04
P_7784ef,163,FEE02,400,2015-09-02
P_c826bb,163,FEE03,100,2015-10-18
P_d1d422,163,FEE04,50,2015-11-10
P_673710,163,FEE05,150,2016-05-05
P_31d872,438,FEE01,5000,2015-10-05
P_4af87e,438,FEE02,400,2015-09-04
P_0ae8d9,438,FEE03,0,
P_8e1ab6,438,FEE04,50,2015-11-22
P_f7ffcf,438,FEE05,150,2016-04-22
P_bb67a7,443,FEE01,5000,2015-09-24
P_af2a77,443,FEE02,0,
P_abbd36,443,FEE03,100,2015-10-17
P_2504f0,443,FEE04,50,2015-11-13
P_73ccab,443,FEE05,150,2016-04-27
P_6af0db,24,FEE01,5000,2015-09-21
P_4fc6c3,24,FEE02,400,2015-09-09
P_15afe1,24,FEE03,100,2015-10-11
P_996e95,24,FEE04,50,2015-11-10
P_778e70,24,FEE05,150,2016-04-29
P_f84d06,169,FEE01,5000,2015-09-22
P_057f9c,169,FEE02,400,2015-09-05
P_1b3ef8,169,FEE03,100,2015-10-17
P_93b4a7,169,FEE04,50,2015-11-20
P_cb51e9,169,FEE05,150,2016-04-22
P_3b06c0,412,FEE01,5000,2015-10-02
P_604498,412,FEE02,400,2015-09-07
P_232668,412,FEE03,100,2015-10-13
P_56cf07,412,FEE04,50,2015-11-19
P_f8fe78,412,FEE05,150,2016-05-06
P_8aed89,20,FEE01,0,
P_d4e45e,20,FEE02,400,2015-09-08
P_7231bd,20,FEE03,100,2015-10-20
P_9e45bb,20,FEE04,50,2015-11-12
P_355921,20,FEE05,0,
P_0ba361,490,FEE01,5000,2015-09-24
P_f268c6,490,FEE02,400,2015-09-15
P_ccc0f9,490,FEE03,0,
P_65ac14,490,FEE04,50,2015-11-25
P_adcece,490,FEE05,150,2016-04-22
P_83f1ab,31,FEE01,0,
P_d30fa2,31,FEE02,0,
P_ec902c,31,FEE03,100,2015-10-13
P_cdd480,31,FEE04,0,
P_f86ba2,31,FEE05,150,2016-04-25
P_5a39ee,221,FEE01,5000,2015-10-04
P_321502,221,FEE02,400,2015-09-12
P_2a5427,221,FEE03,100,2015-10-15
P_8e6c6d,221,FEE04,50,2015-11-18
P_e5e2d2,221,FEE05,150,2016-04-22
P_7f9e4b,30,FEE01,5000,2015-10-02
P_bde7a3,30,FEE02,400,2015-09-09
P_89c89b,30,FEE03,100,2015-10-14
P_5cb949,30,FEE04,50,2015-11-16
P_eabd23,30,FEE05,150,2016-05-03
P_a6c3d3,193,FEE01,5000,2015-09-22
P_1b3485,193,FEE02,400,2015-09-01
P_69157d,193,FEE03,100,2015-10-17
P_39db0e,193,FEE04,50,2015-11-15
P_f02a04,193,FEE05,0,
P_53d36b,155,FEE01,5000,2015-10-01
P_21ca1b,155,FEE02,400,2015-09-09
P_bd1da6,155,FEE03,100,2015-10-07
P_483f43,155,FEE04,50,2015-11-17
P_80493e,155,FEE05,150,2016-04-21
P_796a0a,337,FEE01,5000,2015-09-24
P_1d1285,337,FEE02,400,2015-09-01
P_c8f4d1,337,FEE03,100,2015-10-07
P_2fd307,337,FEE04,50,2015-11-22
P_152840,337,FEE05,150,2016-05-01
P_a4d31d,317,FEE01,5000,2015-10-01
P_7e6ef1,317,FEE02,400,2015-09-08
P_681454,317,FEE03,100,2015-10-06
P_de244b,317,FEE04,50,2015-11-23
P_81f05d,317,FEE05,150,2016-05-01
P_a30038,362,FEE01,5000,2015-09-28
P_0e9a2e,362,FEE02,0,
P_daaba5,362,FEE03,100,2015-10-17
P_a2a858,362,FEE04,0,
P_0af76b,362,FEE05,150,2016-05-04
P_4d79b7,492,FEE01,5000,2015-09-30
P_08080e,492,FEE02,400,2015-09-10
P_4b2895,492,FEE03,100,2015-10-06
P_3b4706,492,FEE04,50,2015-11-19
P_5fe576,492,FEE05,150,2016-04-21
P_15c6a3,353,FEE01,5000,2015-09-24
P_ae7e21,353,FEE02,400,2015-09-04
P_d253a0,353,FEE03,100,2015-10-09
P_4b4a48,353,FEE04,50,2015-11-24
P_1b91ef,353,FEE05,150,2016-04-21
P_248e59,64,FEE01,5000,2015-09-23
P_bf197a,64,FEE02,400,2015-09-12
P_a8c8f3,64,FEE03,100,2015-10-08
P_7ef79d,64,FEE04,50,2015-11-10
P_d7bbc6,64,FEE05,150,2016-04-26
P_0da752,356,FEE01,5000,2015-09-29
P_cca5db,356,FEE02,400,2015-09-09
P_d890f7,356,FEE03,0,
P_bff88c,356,FEE04,50,2015-11-22
P_a34bb5,356,FEE05,150,2016-04-22
P_3c8f8a,191,FEE01,0,
P_9d9236,191,FEE02,400,2015-09-05
P_c42772,191,FEE03,100,2015-10-10
P_631d10,191,FEE04,50,2015-11-21
P_d89f11,191,FEE05,150,2016-04-29
P_263871,48,FEE01,5000,2015-09-24
P_961e76,48,FEE02,400,2015-09-10
P_5b7c1c,48,FEE03,100,2015-10-09
P_db8ffc,48,FEE04,50,2015-11-24
P_6bae8e,48,FEE05,150,2016-05-05
P_fa32a6,23,FEE01,5000,2015-09-28
P_ce3ea7,23,FEE02,400,2015-09-02
P_b3e657,23,FEE03,100,2015-10-18
P_ffc206,23,FEE04,0,
P_4f4a38,23,FEE05,150,2016-04-26
P_0ba5ce,67,FEE01,5000,2015-09-20
P_398cd9,67,FEE02,400,2015-09-09
P_ff0844,67,FEE03,100,2015-10-11
P_5dddb7,67,FEE04,50,2015-11-11
P_599459,67,FEE05,150,2016-04-24
P_339552,373,FEE01,5000,2015-09-30
P_f1db8e,373,FEE02,0,
P_5c7c5d,373,FEE03,100,2015-10-08
P_0253f7,373,FEE04,50,2015-11-11
P_a18b26,373,FEE05,150,2016-05-04
P_90cacc,21,FEE01,5000,2015-10-04
P_fc4776,21,FEE02,400,2015-09-09
P_ce7a5f,21,FEE03,0,
P_430d8e,21,FEE04,50,2015-11-17
P_9e64b3,21,FEE05,150,2016-04-27
P_6e0180,22,FEE01,5000,2015-09-26
P_c0d40b,22,FEE02,400,2015-09-12
P_e68f99,22,FEE03,100,2015-10-17
P_6a5143,22,FEE04,50,2015-11-20
P_4580d8,22,FEE05,150,2016-05-03
P_350707,87,FEE01,5000,2015-09-28
P_f72387,87,FEE02,400,2015-08-31
P_901e56,87,FEE03,100,2015-10-17
P_905063,87,FEE04,50,2015-11-13
P_43099f,87,FEE05,0,
P_81f6dc,264,FEE01,5000,2015-09-29
P_92f218,264,FEE02,400,2015-09-12
P_8425be,264,FEE03,100,2015-10-18
P_f7d5dc,264,FEE04,50,2015-11-25
P_3dd641,264,FEE05,150,2016-04-24
P_8ee8d8,435,FEE01,0,
P_c1afd1,435,FEE02,400,2015-09-11
P_14c9fb,435,FEE03,100,2015-10-10
P_657bd2,435,FEE04,50,2015-11-14
P_01d8be,435,FEE05,150,2016-05-03
P_0209fa,389,FEE01,5000,2015-10-03
P_51853b,389,FEE02,400,2015-09-04
P_9d2f9d,389,FEE03,0,
P_0f7747,389,FEE04,0,
P_d6d4a9,389,FEE05,150,2016-04-26
P_37dafa,266,FEE01,5000,2015-09-20
P_c7d5a8,266,FEE02,400,2015-09-10
P_da95b4,266,FEE03,100,2015-10-17
P_1760fd,266,FEE04,50,2015-11-16
P_460918,266,FEE05,0,
P_817283,350,FEE01,5000,2015-10-02
P_fee3b5,350,FEE02,400,2015-09-06
P_93bf4a,350,FEE03,0,
P_72babf,350,FEE04,50,2015-11-18
P_6d58a5,350,FEE05,150,2016-04-25
P_4fce49,273,FEE01,5000,2015-09-23
P_e6f1d4,273,FEE02,0,
P_dc9132,273,FEE03,100,2015-10-05
P_55c9bd,273,FEE04,50,2015-11-19
P_a43e7e,273,FEE05,150,2016-04-28
P_ae7213,253,FEE01,5000,2015-10-03
P_442bc7,253,FEE02,400,2015-09-14
P_ea1345,253,FEE03,0,
P_830190,253,FEE04,50,2015-11-12
P_fd1ae5,253,FEE05,150,2016-05-01
P_115634,212,FEE01,5000,2015-10-03
P_c15227,212,FEE02,400,2015-09-15
P_64c5b5,212,FEE03,100,2015-10-18
P_5e6da3,212,FEE04,50,2015-11-15
P_b17304,212,FEE05,150,2016-05-05
P_1e12a5,436,FEE01,5000,2015-10-03
P_445661,436,FEE02,400,2015-09-05
P_66a054,436,FEE03,100,2015-10-20
P_022330,436,FEE04,50,2015-11-15
P_6a4b17,436,FEE05,150,2016-05-04
P_6094fe,354,FEE01,5000,2015-09-21
P_c197b0,354,FEE02,400,2015-09-09
P_b2c22c,354,FEE03,100,2015-10-13
P_998aca,354,FEE04,50,2015-11-16
P_f0a295,354,FEE05,150,2016-04-30
P_1010c0,493,FEE01,5000,2015-09-23
P_8a042e,493,FEE02,400,2015-09-09
P_e44312,493,FEE03,100,2015-10-18
P_ec9311,493,FEE04,50,2015-11-12
P_408bd7,493,FEE05,150,2016-04-29
P_6e70e3,355,FEE01,5000,2015-09-20
P_c63fda,355,FEE02,400,2015-09-08
P_e1153a,355,FEE03,100,2015-10-09
P_f84fde,355,FEE04,0,
P_e299cb,355,FEE05,150,2016-05-05
P_7e0149,475,FEE01,5000,2015-09-20
P_e036d4,475,FEE02,0,
P_667b7d,475,FEE03,100,2015-10-08
P_e02b42,475,FEE04,50,2015-11-22
P_3fd5a7,475,FEE05,150,2016-04-30
P_1324bc,464,FEE01,5000,2015-10-03
P_fab641,464,FEE02,400,2015-09-14
P_cde46c,464,FEE03,100,2015-10-10
P_4836f7,464,FEE04,50,2015-11-17
P_179bac,464,FEE05,150,2016-04-24
P_3d413e,322,FEE01,5000,2015-10-05
P_91dc32,322,FEE02,400,2015-09-12
P_e71ab3,322,FEE03,100,2015-10-10
P_ea0d2c,322,FEE04,0,
P_cdf81a,322,FEE05,150,2016-04-29
P_9bc129,284,FEE01,0,
P_1f9543,284,FEE02,400,2015-08-31
P_62ded4,284,FEE03,100,2015-10-07
P_8e623b,284,FEE04,50,2015-11-22
P_6d0b50,284,FEE05,150,2016-04-23
P_0db6ec,272,FEE01,5000,2015-10-02
P_11161d,272,FEE02,400,2015-09-09
P_34e15c,272,FEE03,100,2015-10-09
P_b578d1,272,FEE04,50,2015-11-25
P_84fd8c,272,FEE05,150,2016-04-25
P_7a603b,249,FEE01,5000,2015-09-30
P_c9d69f,249,FEE02,400,2015-09-07
P_3d3792,249,FEE03,0,
P_d74ffa,249,FEE04,50,2015-11-21
P_d91fd1,249,FEE05,150,2016-05-01
P_967932,12,FEE01,5000,2015-09-26
P_342ca8,12,FEE02,400,2015-09-15
P_c98f77,12,FEE03,100,2015-10-15
P_f79fb8,12,FEE04,50,2015-11-15
P_4f5d44,12,FEE05,150,2016-05-06
P_a1d5a9,77,FEE01,5000,2015-10-01
P_e47194,77,FEE02,400,2015-09-01
P_0e6137,77,FEE03,100,2015-10-19
P_0c5d17,77,FEE04,50,2015-11-14
P_7e5eda,77,FEE05,0,
P_deb83f,265,FEE01,5000,2015-09-29
P_b43329,265,FEE02,400,2015-09-01
P_46a72e,265,FEE03,100,2015-10-20
P_ea079d,265,FEE04,50,2015-11-11
P_c46d58,265,FEE05,150,2016-05-04
P_00a858,38,FEE01,5000,2015-09-30
P_6cab2d,38,FEE02,400,2015-09-14
P_c2f5e5,38,FEE03,100,2015-10-09
P_b84473,38,FEE04,50,2015-11-13
P_2566ae,38,FEE05,150,2016-04-25
P_6cbdd5,465,FEE01,5000,2015-09-21
P_109a17,465,FEE02,0,
P_cda7e8,465,FEE03,100,2015-10-11
P_8d69f8,465,FEE04,50,2015-11-19
P_1d599c,465,FEE05,150,2016-05-04
P_0fe0ec,3,FEE01,5000,2015-09-21
P_11846d,3,FEE02,400,2015-09-04
P_1b7917,3,FEE03,100,2015-10-08
P_9bb8e4,3,FEE04,50,2015-11-14
P_f0f863,3,FEE05,150,2016-05-02
P_6c7577,271,FEE01,5000,2015-09-23
P_95dd12,271,FEE02,400,2015-08-31
P_0680c6,271,FEE03,100,2015-10-19
P_dd1573,271,FEE04,50,2015-11-19
P_050b21,271,FEE05,150,2016-04-23
P_c37984,124,FEE01,5000,2015-10-01
P_5e2990,124,FEE02,0,
P_ca380f,124,FEE03,100,2015-10-13
P_aa4b3e,124,FEE04,50,2015-11-18
P_55eac8,124,FEE05,150,2016-05-04
P_3de842,274,FEE01,5000,2015-09-23
P_efa998,274,FEE02,0,
P_57e72b,274,FEE03,100,2015-10-19
P_432729,274,FEE04,50,2015-11-19
P_cda698,274,FEE05,150,2016-05-03
